Country,Year,Magnitude,Start Month,Start Day,End Year,End Month,End Day,Total Deaths,No. Injured,No. Affected,Total Affected,Total Damage ('000 US$),"Total Damage, Adjusted ('000 US$)",CPI
Afghanistan,2000,0.0,5.6,0.0,2000.4,5.2,4.8,118.8,0.0,516445.6,516445.6,10.0,18.2,54.89515197000001
Afghanistan,2001,-4.0,7.2,6.8,2001.0,7.6,9.4,97.0,4.0,40885.0,40939.0,2.0,3.6,56.44657635
Afghanistan,2002,302.39375,4.6875,11.6875,2002.0625,4.625,15.9375,255.1875,86.9375,18892.4375,19604.375,0.0,0.0,57.34184015
Afghanistan,2003,3688.288888888889,4.888888888888889,15.222222222222221,2003.0,5.0,15.555555555555555,15.222222222222221,0.4444444444444444,55.55555555555556,528.2222222222222,0.0,0.0,58.64355298000001
Afghanistan,2004,26958.399999999998,5.0,15.333333333333334,2004.0,5.0,18.0,6.0,13.333333333333334,933.3333333333334,1846.6666666666667,0.0,0.0,60.21357973
Afghanistan,2005,31301.853846153845,6.846153846153846,13.23076923076923,2005.0,7.384615384615385,13.76923076923077,43.84615384615385,3.3846153846153846,2915.4615384615386,3440.0,388.46153846153845,623.9230769230769,62.256478529999995
Afghanistan,2006,6762.430769230769,5.0,15.846153846153847,2006.0,4.6923076923076925,13.0,29.384615384615383,14.23076923076923,171193.46153846153,171839.23076923078,0.0,0.0,64.26483222
Afghanistan,2007,62768.57142857143,4.857142857142857,18.428571428571427,2007.0,5.142857142857143,15.0,42.285714285714285,2.857142857142857,3822.1428571428573,4322.142857142857,0.0,0.0,66.09810297
Afghanistan,2008,0.0,7.25,2.75,2008.0,5.0,3.75,333.5,45.5,113150.5,113241.0,0.0,0.0,68.63567228
Afghanistan,2009,17705.04,4.2,13.2,2009.0,4.6,15.2,20.2,17.2,12504.2,13171.4,4000.0,5848.6,68.39164268
Afghanistan,2010,48522.92,4.2,11.6,2010.0,4.4,8.0,70.0,40.0,9000.0,9240.0,0.0,0.0,69.51329329
Afghanistan,2011,15834.25,2.5,5.25,2011.0,4.25,9.5,20.75,28.75,438250.0,440703.75,35500.0,49506.5,71.70772361
Afghanistan,2012,3263.972727272727,3.909090909090909,14.727272727272727,2012.0,3.909090909090909,15.363636363636363,34.54545454545455,39.81818181818182,4669.0,4982.909090909091,0.0,0.0,73.19159161
Afghanistan,2013,2443.1616666666664,5.833333333333333,12.333333333333334,2013.0,5.833333333333333,15.666666666666666,25.833333333333332,23.833333333333332,3580.8333333333335,3604.6666666666665,0.0,0.0,74.26372907
Afghanistan,2014,42641.78,4.0,9.333333333333334,2014.0,4.333333333333333,6.333333333333333,191.66666666666666,45.0,46673.333333333336,47351.666666666664,1000.0,1325.0,75.46845568
Afghanistan,2015,1.9714285714285715,5.285714285714286,19.714285714285715,2015.0,5.428571428571429,17.857142857142858,63.714285714285715,8310.57142857143,3796.4285714285716,18549.85714285714,428.57142857142856,567.1428571428571,75.55797677
Afghanistan,2016,0.0,5.0,11.5,2016.0,5.0,14.0,21.0,0.0,0.0,0.0,0.0,0.0,76.5112162
Afghanistan,2017,0.0,2.8,13.6,2017.0,2.8,14.2,45.2,9.0,1909.0,2248.0,0.0,0.0,78.14100176
Afghanistan,2018,36879.38,5.8,10.4,2018.2,6.4,14.6,22.6,0.0,2700800.0,2700800.0,0.0,0.0,80.04959626
Afghanistan,2019,82085.14857142858,4.714285714285714,14.285714285714286,2019.0,4.857142857142857,13.714285714285714,30.142857142857142,2.4285714285714284,17592.85714285714,18706.0,0.0,0.0,81.50030941
Afghanistan,2020,0.0,4.285714285714286,17.714285714285715,2020.0,4.714285714285714,10.857142857142858,46.857142857142854,35.857142857142854,6134.428571428572,7402.428571428572,0.0,0.0,82.50568385
Afghanistan,2021,2821.6,4.0,8.5,2021.5,5.0,9.75,99.0,8.25,2758750.0,2758758.25,0.0,0.0,86.38165694
Afghanistan,2022,1.4,5.125,17.375,2022.0,5.375,13.375,166.875,414.0,76700.25,79426.75,0.0,0.0,93.29460735
Afghanistan,2023,-2.466666666666667,6.0,12.5,2023.0,6.0,15.166666666666666,448.0,1584.8333333333333,115127.5,116712.33333333333,0.0,0.0,97.13499264
Afghanistan,2024,-3.6666666666666665,3.7777777777777777,14.777777777777779,2024.0,4.555555555555555,17.0,224.77777777777777,4946.0,70416.66666666667,75712.66666666667,0.0,0.0,100.0
Argentina,2000,2574.5,8.625,12.375,2000.0,8.625,14.25,4.625,5.0,3787.5,4821.25,37500.0,68312.0,54.89515197
Argentina,2001,710.2857142857143,5.714285714285714,5.285714285714286,2001.0,6.0,5.285714285714286,5.0,21.428571428571427,36400.0,36707.142857142855,109285.71428571429,193609.14285714287,56.44657635
Argentina,2002,1.5,8.0,15.5,2002.0,8.25,13.0,1.75,6.75,2925.0,2981.75,0.0,0.0,57.34184015
Argentina,2003,50700.0,5.75,12.25,2003.0,6.75,8.25,9.75,0.0,35975.0,40975.0,287052.5,489486.75,58.64355298
Argentina,2004,1073.0,8.666666666666666,2.3333333333333335,2004.0,8.666666666666666,3.6666666666666665,3.3333333333333335,2.3333333333333335,2100.0,2102.3333333333335,0.0,0.0,60.21357973
Argentina,2005,90.0,1.0,30.0,2005.0,1.0,30.0,11.0,52.0,0.0,252.0,0.0,0.0,62.25647853
Argentina,2006,0.0,3.0,0.0,2006.0,4.0,0.0,0.0,0.0,4500.0,4500.0,0.0,0.0,64.26483222
Argentina,2007,173998.73333333334,3.0,12.666666666666666,2007.0,4.666666666666667,15.333333333333334,6.333333333333333,0.0,43333.333333333336,45000.0,13333.333333333334,20172.0,66.09810297
Argentina,2008,44060.0,3.0,17.5,2008.0,4.0,18.5,0.0,0.0,42500.0,42500.0,0.0,0.0,68.63567228
Argentina,2009,69166.66666666667,6.333333333333333,10.0,2009.0,6.333333333333333,11.5,4.833333333333333,4.0,11249.0,11253.0,2500.0,3655.5,68.39164268
Argentina,2010,0.0,7.0,0.0,2010.0,7.0,0.0,42.0,0.0,0.0,0.0,0.0,0.0,69.51329329
Argentina,2011,0.0,6.0,4.0,2011.0,6.0,17.0,0.0,0.0,3000.0,3000.0,104000.0,145033.0,71.70772361
Argentina,2012,125824.0,8.333333333333334,17.666666666666668,2012.0,8.666666666666666,13.0,8.333333333333334,10.0,5833.333333333333,6510.0,4000.0,5465.333333333333,73.19159161
Argentina,2013,9067.7,8.0,2.0,2013.0,8.0,5.0,28.0,6.0,175000.0,175006.0,651000.0,876605.5,74.26372907
Argentina,2014,17469.195,5.25,15.75,2014.0,5.5,16.75,6.75,0.0,1888.25,1888.25,15500.0,20538.5,75.46845568
Argentina,2015,26770.6,5.8,13.6,2015.2,3.6,15.0,3.8,0.0,29126.6,29126.6,3440.0,4552.8,75.55797677
Argentina,2016,0.0,8.0,14.5,2016.0,8.0,20.5,0.0,0.0,42884.5,42884.5,501000.0,654806.0,76.5112162
Argentina,2017,6844.2575,3.25,17.75,2017.0,3.75,13.0,0.25,0.0,13610.75,13610.75,0.0,0.0,78.14100176
Argentina,2018,46950.528000000006,3.6,18.2,2018.0,4.2,16.4,0.4,0.0,12924.0,12924.0,680000.0,849473.4,80.04959626
Argentina,2019,0.0,2.5,11.0,2019.5,5.5,15.0,3.5,8.0,17587.75,17595.75,0.0,0.0,81.50030941
Argentina,2020,0.0,1.5,13.0,2020.0,1.5,17.5,1.5,0.0,1625.0,1625.0,5000.0,6060.0,82.50568385
Argentina,2021,2.1333333333333333,2.3333333333333335,9.0,2021.0,2.3333333333333335,10.333333333333334,5.0,7.0,1030.0,1037.0,0.0,0.0,86.38165694000001
Argentina,2022,0.0,1.0,0.0,2022.0,3.0,11.0,0.0,0.0,124085.0,124085.0,770000.0,825342.0,93.29460735
Argentina,2023,37.5,9.0,13.25,2023.0,9.5,12.5,3.25,5.0,13200.0,13205.0,31250.0,32171.75,97.13499264
Argentina,2024,50.0,3.6666666666666665,7.0,2024.0,3.6666666666666665,11.666666666666666,0.3333333333333333,2.0,267466.6666666667,267468.6666666667,83333.33333333333,83333.33333333333,100.0
Australia,2000,18755.0,7.166666666666667,9.0,2000.0,7.5,4.166666666666667,0.16666666666666666,0.0,358.3333333333333,358.3333333333333,89166.66666666667,162430.83333333334,54.89515197
Australia,2001,7663.555555555556,4.0,12.444444444444445,2001.111111111111,2.7777777777777777,12.777777777777779,0.6666666666666666,6.444444444444445,950.0,956.4444444444445,35733.333333333336,63304.666666666664,56.44657635
Australia,2002,44.0,7.4,9.6,2002.0,9.2,9.2,0.4,0.8,24.0,74.6,410000.0,715010.2,57.34184015000001
Australia,2003,12941.5,6.2,11.2,2003.0,6.3,13.7,0.6,15.0,501.0,519.0,47000.0,80145.1,58.64355298
Australia,2004,187767.14285714287,7.142857142857143,12.714285714285714,2004.0,7.285714285714286,17.857142857142858,0.8571428571428571,0.0,609.2857142857143,609.2857142857143,16071.42857142857,26690.714285714286,60.21357973
Australia,2005,281.0,5.0,14.25,2005.0,5.25,13.0,4.0,5.0,1100.0,1105.0,35000.0,56219.0,62.25647853
Australia,2006,4986.875,5.625,10.0,2006.0,5.0,8.0,0.5,3.75,387.5,1283.875,160294.25,249427.625,64.26483222
Australia,2007,5827.5,4.5,5.0,2007.0,4.5,14.0,5.5,0.0,2865.0,2910.0,700000.0,1059032.0,66.09810297
Australia,2008,168182.0,5.2,13.0,2008.0,5.4,16.0,1.6,0.0,4080.0,4080.0,503000.0,732855.0,68.63567228
Australia,2009,25429.8,3.6666666666666665,18.666666666666668,2009.0,4.166666666666667,20.5,89.16666666666667,416.6666666666667,5675.666666666667,6092.333333333333,251666.66666666666,367978.6666666667,68.39164268
Australia,2010,311793.875,5.625,17.875,2010.125,4.625,13.875,4.5,0.0,23250.0,23250.0,1266125.0,1821414.25,69.51329329
Australia,2011,38113.666666666664,4.333333333333333,13.0,2011.0,4.333333333333333,15.666666666666666,0.3333333333333333,0.0,2545.6666666666665,2545.6666666666665,851333.3333333334,1187227.0,71.70772361
Australia,2012,380577.0,1.5,23.0,2012.0,3.0,11.5,2.0,0.0,8000.0,8000.0,294000.0,401685.5,73.19159161
Australia,2013,0.0,4.0,14.0,2013.0,4.0,26.0,3.0,0.0,2980.0,2980.0,788666.6666666666,1061981.0,74.26372907
Australia,2014,13.0,3.75,13.75,2014.0,3.75,22.25,35.25,8.0,13131.75,13207.25,281250.0,372672.25,75.46845568
Australia,2015,86.25,4.875,18.875,2015.0,5.0,19.0,2.0,20.5,264.5,1097.625,341500.0,451970.875,75.55797677
Australia,2016,158578.8525,4.25,5.0,2016.0,4.25,16.75,2.0,504.0,70.0,709.0,158750.0,207486.0,76.5112162
Australia,2017,19754.333333333332,2.6666666666666665,14.0,2017.0,3.0,9.333333333333334,4.0,0.6666666666666666,17009.0,17047.666666666668,1070000.0,1369319.6666666667,78.14100176
Australia,2018,35210.85666666667,5.333333333333333,3.0,2018.3333333333333,4.0,3.6666666666666665,0.0,0.0,200.0,200.0,403800.0,504437.3333333333,80.04959626
Australia,2019,56655.666666666664,4.333333333333333,9.666666666666666,2019.3333333333333,2.3333333333333335,9.666666666666666,11.666666666666666,8.0,4153.0,6470.0,1333333.3333333333,1635985.3333333333,81.50030941
Australia,2020,0.0,4.333333333333333,18.0,2020.0,4.333333333333333,21.0,0.3333333333333333,0.0,0.0,0.0,1300000.0,1575649.0,82.50568385
Australia,2021,39.285714285714285,4.285714285714286,14.571428571428571,2021.0,4.571428571428571,11.285714285714286,1.0,0.0,4067.8571428571427,4102.571428571428,476428.5714285714,551539.0,86.38165694
Australia,2022,0.0,4.6,13.6,2022.0,4.8,16.6,6.2,2.4,49440.0,49442.4,1689200.0,1810608.4,93.29460735
Australia,2023,36.666666666666664,7.0,13.333333333333334,2023.0,7.0,16.5,1.6666666666666667,0.0,670.5,689.5,0.0,0.0,97.13499264
Australia,2024,0.0,4.666666666666667,20.666666666666668,2024.3333333333333,5.0,5.333333333333333,1.0,2.6666666666666665,3533.3333333333335,3536.0,86666.66666666667,86666.66666666667,100.0
Bangladesh,2000,1169.5133333333333,5.466666666666667,13.066666666666666,2000.0,5.6,12.533333333333333,14.8,43.93333333333333,184456.8,190200.73333333334,33333.333333333336,60721.8,54.89515197
Bangladesh,2001,48.142857142857146,7.0,11.571428571428571,2001.0,7.0,11.571428571428571,36.142857142857146,678.5714285714286,103714.28571428571,104392.85714285714,0.0,0.0,56.44657635
Bangladesh,2002,168.28571428571428,7.142857142857143,12.857142857142858,2002.142857142857,5.714285714285714,10.714285714285714,132.57142857142858,57.142857142857146,242843.42857142858,243043.42857142858,0.0,0.0,57.34184015
Bangladesh,2003,627.9571428571428,7.571428571428571,15.0,2003.142857142857,6.857142857142857,10.714285714285714,74.28571428571429,89.28571428571429,78928.57142857143,79017.85714285714,0.0,0.0,58.64355298
Bangladesh,2004,2154.91,6.2,12.8,2004.0,6.7,15.1,103.4,335.0,3687260.4,3688995.4,270000.0,448403.8,60.213579730000006
Bangladesh,2005,2950.6666666666665,6.416666666666667,14.75,2005.0833333333333,5.5,18.416666666666668,27.666666666666668,175.5,96916.66666666667,98883.83333333333,0.0,0.0,62.25647853
Bangladesh,2006,4032.8571428571427,5.285714285714286,16.0,2006.0,5.857142857142857,13.0,22.0,180.57142857142858,32322.85714285714,32846.28571428572,0.0,0.0,64.26483222
Bangladesh,2007,1049.0,6.285714285714286,17.285714285714285,2007.0,7.285714285714286,9.571428571428571,817.2857142857143,7906.0,3308507.0,3316445.1428571427,344857.14285714284,521735.28571428574,66.09810297
Bangladesh,2008,11886.0,7.0,24.2,2008.0,7.4,17.2,13.6,90.4,120000.0,127218.0,0.0,0.0,68.63567228
Bangladesh,2009,8202.333333333334,7.0,15.166666666666666,2009.1666666666667,5.333333333333333,18.666666666666668,58.0,1197.8333333333333,749560.5,750758.3333333334,45000.0,65797.5,68.39164268
Bangladesh,2010,4897.5,5.833333333333333,11.666666666666666,2010.0,5.833333333333333,14.0,17.833333333333332,58.333333333333336,147840.0,147898.33333333334,0.0,0.0,69.51329329
Bangladesh,2011,3840.9,6.2,9.8,2011.0,6.4,15.0,20.4,24.2,334511.8,334536.0,0.0,0.0,71.70772361
Bangladesh,2012,1924.7,8.2,12.2,2012.2,6.4,9.2,68.8,60.8,1120570.0,1131630.8,0.0,0.0,73.19159161
Bangladesh,2013,0.0,3.6666666666666665,22.333333333333332,2013.0,3.6666666666666665,22.666666666666668,16.666666666666668,151.0,510584.6666666667,510735.6666666667,6666.666666666667,8977.0,74.26372907
Bangladesh,2014,0.0,6.75,12.25,2014.0,7.0,12.25,19.75,114.75,800312.5,801427.25,40000.0,53002.25,75.46845568
Bangladesh,2015,0.975,5.625,18.25,2015.0,5.625,20.375,19.875,2638.0,506531.25,509169.25,10500.0,13896.5,75.55797677
Bangladesh,2016,11418.4525,4.5,14.0,2016.0,4.75,10.25,49.5,17.5,745963.75,775906.25,187500.0,245062.25,76.5112162
Bangladesh,2017,22.5,6.333333333333333,14.0,2017.0,6.666666666666667,17.166666666666668,56.333333333333336,164.66666666666666,1909454.1666666667,1911168.8333333333,104666.66666666667,133945.83333333334,78.14100176
Bangladesh,2018,971.2475,4.0,13.75,2018.0,4.0,19.0,25.5,0.0,3500.0,3500.0,0.0,0.0,80.04959626
Bangladesh,2019,56.31666666666666,7.166666666666667,7.666666666666667,2019.0,7.5,13.5,43.333333333333336,772.0,1311572.5,1314011.1666666667,13464.166666666666,16520.333333333332,81.50030941
Bangladesh,2020,0.0,5.5,17.5,2020.0,7.0,25.0,141.5,0.0,4024135.5,4024135.5,1000000.0,1212038.0,82.50568385
Bangladesh,2021,75.0,6.0,26.0,2021.0,6.5,16.0,12.0,0.0,784372.0,784372.0,0.0,0.0,86.38165694
Bangladesh,2022,47.5,7.5,20.5,2022.0,9.5,27.5,88.0,0.0,4100000.0,4100000.0,231250.0,247870.5,93.29460735
Bangladesh,2023,66.0,5.6,13.4,2023.0,6.8,18.6,29.4,3.6,650000.0,650003.6,50200.0,51680.6,97.13499264
Bangladesh,2024,24.833333333333332,7.0,20.666666666666668,2024.0,7.666666666666667,13.833333333333334,20.666666666666668,2.1666666666666665,8129821.833333333,8129824.0,46716.666666666664,46716.666666666664,100.0
Belgium,2002,35.0,5.25,22.5,2002.0,5.25,23.75,1.25,0.0,600.0,600.0,1250.0,2180.0,57.34184015
Belgium,2003,0.0,4.5,1.0,2003.0,4.5,11.5,587.5,0.0,0.0,0.0,0.0,0.0,58.64355298
Belgium,2005,0.0,10.666666666666666,20.666666666666668,2005.0,10.666666666666666,22.333333333333332,0.6666666666666666,0.0,70.0,70.0,0.0,0.0,62.25647853
Belgium,2006,0.0,6.0,0.0,2006.0,7.0,0.0,940.0,0.0,0.0,0.0,0.0,0.0,64.26483222
Belgium,2007,130.0,1.0,18.0,2007.0,1.0,18.0,2.0,2.0,0.0,2.0,450000.0,680806.0,66.09810297
Belgium,2008,0.0,2.0,29.0,2008.0,3.0,1.0,0.0,0.0,0.0,0.0,0.0,0.0,68.63567228
Belgium,2009,-20.0,1.0,0.0,2009.0,1.0,0.0,1.0,0.0,0.0,0.0,0.0,0.0,68.39164268
Belgium,2010,0.0,8.333333333333334,20.666666666666668,2010.0,8.333333333333334,22.333333333333332,1.6666666666666667,0.0,230.0,230.0,132715.33333333334,190921.0,69.51329329
Belgium,2011,0.0,8.0,18.0,2011.0,8.0,18.0,5.0,71.0,0.0,71.0,99000.0,138060.0,71.70772361
Belgium,2012,0.0,2.0,0.0,2012.0,2.0,0.0,3.0,0.0,0.0,0.0,0.0,0.0,73.19159161
Belgium,2013,0.0,12.0,15.0,2013.0,12.0,16.5,0.0,0.0,0.0,0.0,0.0,0.0,74.26372907
Belgium,2014,0.0,6.0,8.0,2014.0,6.0,10.0,0.0,0.0,0.0,0.0,0.0,0.0,75.46845568
Belgium,2015,0.0,6.0,30.0,2015.0,7.0,5.0,410.0,0.0,0.0,0.0,0.0,0.0,75.55797677
Belgium,2016,0.0,6.0,12.5,2016.0,6.0,16.0,2.0,0.0,0.0,0.0,0.0,0.0,76.5112162
Belgium,2018,65.0,4.0,8.5,2018.0,4.0,9.0,0.5,0.0,0.0,0.0,0.0,0.0,80.04959626
Belgium,2019,36.86666666666667,7.0,21.0,2019.0,7.333333333333333,19.0,238.66666666666666,0.0,0.0,0.0,0.0,0.0,81.50030941
Belgium,2020,0.0,5.0,7.0,2020.0,5.0,8.5,843.5,0.0,0.0,0.0,0.0,0.0,82.50568385
Belgium,2021,0.0,8.0,19.666666666666668,2021.0,8.0,20.666666666666668,13.0,0.0,650.0,33983.333333333336,666666.6666666666,771768.6666666666,86.38165694000001
Belgium,2022,20.0,3.5,24.0,2022.0,5.5,11.0,218.0,0.0,0.0,0.0,0.0,0.0,93.29460735
Belgium,2023,16.666666666666668,9.666666666666666,2.6666666666666665,2023.0,10.0,4.333333333333333,108.66666666666667,0.0,1000.0,1000.0,0.0,0.0,97.13499264
Canada,2000,300.0,7.0,14.0,2000.0,7.0,14.0,11.0,140.0,0.0,840.0,13000.0,23682.0,54.89515197
Canada,2001,40.0,3.6666666666666665,12.666666666666666,2001.0,3.6666666666666665,12.666666666666666,4.0,0.0,533.0,543.0,0.0,0.0,56.44657635000001
Canada,2002,2733.3333333333335,7.333333333333333,3.0,2002.0,7.666666666666667,8.0,0.6666666666666666,0.0,246.33333333333334,246.33333333333334,0.0,0.0,57.34184015
Canada,2003,2737.5714285714284,7.0,16.285714285714285,2003.0,7.285714285714286,16.571428571428573,1.0,0.0,381.42857142857144,381.42857142857144,98571.42857142857,168085.57142857142,58.64355298
Canada,2004,30.0,3.25,15.0,2004.0,3.5,11.5,0.0,0.0,250.0,250.0,75000.0,124556.5,60.21357973
Canada,2005,18257.0,7.8,12.0,2005.0,8.0,11.8,0.8,0.0,1180.0,1180.0,71400.0,114686.8,62.25647853
Canada,2006,14848.0,4.4,19.6,2006.0,4.8,21.0,0.2,0.0,780.0,780.0,0.0,0.0,64.26483222
Canada,2007,68333.33333333333,6.666666666666667,14.333333333333334,2007.0,6.666666666666667,17.333333333333332,2.0,0.0,166.66666666666666,166.66666666666666,0.0,0.0,66.09810297
Canada,2008,13040.0,4.0,18.0,2008.0,4.5,12.5,0.0,0.0,1200.0,1200.0,0.0,0.0,68.63567228
Canada,2009,6830.0,6.666666666666667,8.333333333333334,2009.0,6.666666666666667,11.666666666666666,0.6666666666666666,1.0,66.66666666666667,67.66666666666667,166666.66666666666,243694.33333333334,68.39164268
Canada,2011,43.333333333333336,5.666666666666667,15.333333333333334,2011.0,6.0,25.333333333333332,2.3333333333333335,0.0,666.6666666666666,3000.0,766666.6666666666,1069155.0,71.70772361
Canada,2012,181351.0,7.666666666666667,20.333333333333332,2012.0,7.666666666666667,23.0,0.0,0.0,500.0,500.0,361333.3333333333,493681.3333333333,73.19159161
Canada,2013,102642.0,8.333333333333334,16.333333333333332,2013.0,8.333333333333334,19.333333333333332,4.666666666666667,0.0,33333.333333333336,33333.333333333336,2436666.6666666665,3281099.0,74.26372907
Canada,2014,-24.0,4.5,2.5,2014.0,4.5,6.5,0.0,2.0,3450.0,3452.0,64500.0,85466.0,75.46845568
Canada,2015,0.0,7.0,1.0,2015.0,7.0,10.0,0.0,0.0,13000.0,13036.0,0.0,0.0,75.55797677
Canada,2016,91049.755,5.5,7.5,2016.0,6.5,12.5,0.0,0.0,44150.0,44150.0,2000000.0,2613996.0,76.5112162
Canada,2017,26549.733333333334,6.666666666666667,13.333333333333334,2017.0,7.333333333333333,21.333333333333332,0.6666666666666666,0.0,20851.333333333332,20851.333333333332,66666.66666666667,85316.0,78.14100176
Canada,2018,19739.14,6.75,15.0,2018.0,7.25,10.0,17.5,7.5,1975.0,1982.5,81250.0,101499.5,80.04959626
Canada,2019,50.0,7.0,29.0,2019.0,8.0,3.5,1.0,0.0,9750.0,9750.0,537500.0,659506.5,81.50030941
Canada,2020,0.0,5.0,19.5,2020.0,5.0,22.0,0.5,0.0,36468.0,36468.0,1250000.0,1515047.0,82.50568385
Canada,2021,12.4,7.25,22.5,2021.0,7.75,10.0,205.5,0.5,3887.5,3888.0,526478.0,609478.75,86.38165694
Canada,2022,0.0,6.5,22.833333333333332,2022.0,6.5,26.166666666666668,2.8333333333333335,0.0,1000.0,1000.0,35833.333333333336,38408.666666666664,93.29460735000002
Canada,2023,-12.5,4.5,14.5,2023.0,5.25,7.75,2.5,0.0,7862.5,7862.5,91250.0,93941.5,97.13499264
Canada,2024,14.285714285714286,6.857142857142857,13.285714285714286,2024.0,7.0,12.857142857142858,0.42857142857142855,0.0,502.85714285714283,502.85714285714283,1278571.4285714286,1278571.4285714286,100.0
China,2000,10070.907142857144,5.964285714285714,11.035714285714286,2000.0,5.25,11.857142857142858,23.678571428571427,141.03571428571428,892403.5714285715,906870.4642857143,53078.03571428572,96689.78571428571,54.89515196999999
China,2001,8145.936363636364,6.333333333333333,15.363636363636363,2001.0,6.2727272727272725,14.909090909090908,27.939393939393938,2759.7272727272725,1194701.4545454546,1223346.4848484849,134818.18181818182,238842.0606060606,56.44657635
China,2002,24850.10357142857,7.285714285714286,10.285714285714286,2002.0,7.392857142857143,11.821428571428571,51.642857142857146,1410.75,10187428.714285715,10188923.32142857,219885.7142857143,383464.71428571426,57.34184015
China,2003,101480.47037037037,7.222222222222222,14.0,2003.0,7.148148148148148,14.592592592592593,40.44444444444444,5870.222222222223,8058816.777777778,8131571.666666667,606241.1481481482,1033772.8148148148,58.64355298
China,2004,23616.850000000002,6.583333333333333,13.375,2004.0,6.583333333333333,15.166666666666666,33.625,984.2916666666666,2176743.3333333335,2206232.7916666665,180311.66666666666,299453.5416666667,60.21357973
China,2005,27144.593548387096,6.967741935483871,15.03225806451613,2005.0,6.645161290322581,14.161290322580646,34.12903225806452,366.5806451612903,2698416.4516129033,2707847.5483870967,381379.8387096774,612594.7096774194,62.25647853
China,2006,23059.367567567566,6.351351351351352,15.162162162162161,2006.0,6.594594594594595,15.702702702702704,57.0,192.78378378378378,2381112.027027027,2398363.189189189,336856.5135135135,524169.2702702703,64.26483222
China,2007,73735.89444444445,7.333333333333333,14.833333333333334,2007.0,7.611111111111111,11.055555555555555,63.388888888888886,267.8333333333333,6668977.777777778,6672154.222222222,443261.0,670610.7222222222,66.09810297
China,2008,19061.280000000002,6.9,15.166666666666666,2008.0333333333333,6.733333333333333,14.1,2948.3333333333335,12290.633333333333,4537500.0,4563603.466666667,3707766.6666666665,5402098.533333333,68.63567227999998
China,2009,34912.3,7.423076923076923,10.0,2009.0384615384614,7.423076923076923,10.0,22.384615384615383,36.65384615384615,4946282.615384615,4952413.5,347367.3846153846,507909.1538461539,68.39164268
China,2010,4.8839999999999995,6.84,15.44,2010.04,6.8,15.64,287.12,547.16,7211460.0,7226272.16,907017.44,1304811.52,69.51329329
China,2011,149465.47,6.2,8.75,2011.0,6.3,12.65,37.3,52.85,6198170.05,6213644.15,602405.75,840084.85,71.70772361
China,2012,101489.90714285713,6.857142857142857,14.821428571428571,2012.0,6.964285714285714,14.785714285714286,28.642857142857142,1377.392857142857,1588410.7142857143,1591524.4642857143,705519.0357142857,963934.6071428572,73.19159161
China,2013,13922.614651162792,6.558139534883721,15.813953488372093,2013.0,6.813953488372093,16.0,32.44186046511628,378.3720930232558,636758.4883720931,640684.3023255814,824393.023255814,1110088.3023255814,74.26372907
China,2014,10816.957073170732,6.7560975609756095,12.804878048780488,2014.0,6.878048780487805,15.097560975609756,38.41463414634146,100.39024390243902,1571164.0975609757,1583233.512195122,708706.6585365854,939076.6585365854,75.46845568
China,2015,11.133333333333333,6.305555555555555,13.36111111111111,2015.0,6.527777777777778,13.805555555555555,13.916666666666666,18.583333333333332,102718.88888888889,105159.97222222222,513126.1111111111,679115.7777777778,75.55797677
China,2016,39435.39212121212,6.666666666666667,14.878787878787879,2016.0,6.757575757575758,17.545454545454547,39.0,57.63636363636363,2185278.787878788,2187927.9393939395,1361141.2121212122,1779008.8181818181,76.5112162
China,2017,9448.917000000003,6.466666666666667,15.033333333333333,2017.0,6.633333333333334,14.933333333333334,17.133333333333333,32.6,493606.6666666667,496346.43333333335,549496.6666666666,703211.6666666666,78.14100175999998
China,2018,4982.736363636364,6.363636363636363,14.636363636363637,2018.0,6.545454545454546,16.59090909090909,16.09090909090909,1.0909090909090908,378822.7272727273,379005.63636363635,696553.2727272727,870152.2272727273,80.04959626
China,2019,11.924999999999999,7.0,12.5,2019.0,7.125,11.125,35.6875,30.125,333668.5,333725.0625,1165375.0,1429902.5625,81.50030941
China,2020,11.258333333333333,6.75,14.833333333333334,2020.0,7.0,16.583333333333332,38.583333333333336,2.0,1243829.5833333333,1243831.5833333333,1924333.3333333333,2332364.5833333335,82.50568385
China,2021,11.98235294117647,6.529411764705882,14.470588235294118,2021.0,7.411764705882353,16.11764705882353,26.764705882352942,26.529411764705884,1052095.705882353,1052292.5882352942,1503323.5294117648,1740327.2352941176,86.38165694
China,2022,14.525,5.0,7.583333333333333,2022.0,5.916666666666667,8.75,23.583333333333332,40.583333333333336,525747.5,525788.0833333334,1333333.3333333333,1429164.4166666667,93.29460735000002
China,2023,11.858823529411765,6.9411764705882355,8.647058823529411,2023.0,7.647058823529412,11.294117647058824,22.705882352941178,63.23529411764706,167600.11764705883,168509.11764705883,1738235.294117647,1789504.7647058824,97.13499264
China,2024,44.47777777777778,5.888888888888889,16.333333333333332,2024.0,6.333333333333333,19.22222222222222,24.333333333333332,14.333333333333334,8216.0,8238.166666666666,404011.1111111111,404011.1111111111,100.0
Croatia,2000,119.0,7.0,0.0,2000.0,7.0,0.0,20.5,100.0,0.0,100.0,128875.0,234765.5,54.89515197
Croatia,2001,100.0,9.0,6.0,2001.0,9.0,6.0,0.0,0.0,1200.0,1200.0,0.0,0.0,56.44657635
Croatia,2003,2.0,5.333333333333333,6.0,2003.0,6.333333333333333,14.666666666666666,262.6666666666667,0.0,0.0,0.0,116666.66666666667,198942.0,58.64355298
Croatia,2005,-6.666666666666667,7.333333333333333,16.333333333333332,2005.0,7.333333333333333,19.0,2.3333333333333335,0.0,83.33333333333333,83.33333333333333,0.0,0.0,62.25647853
Croatia,2006,0.0,4.0,4.0,2006.0,5.0,11.0,0.0,0.0,0.0,0.0,0.0,0.0,64.26483222
Croatia,2007,0.0,8.0,17.0,2007.0,8.0,17.5,6.0,13.0,0.0,13.0,0.0,0.0,66.09810297
Croatia,2010,0.0,8.5,15.5,2010.0,9.0,12.5,0.0,0.0,2605.0,2605.0,40000.0,57543.0,69.51329329
Croatia,2012,0.0,8.333333333333334,4.0,2012.0,8.333333333333334,13.333333333333334,2.3333333333333335,0.0,500.0,500.0,0.0,0.0,73.19159161
Croatia,2014,0.0,7.0,11.5,2014.0,7.0,17.5,1.5,0.0,4808.0,4808.0,0.0,0.0,75.46845568
Croatia,2015,100.0,10.0,14.0,2015.0,10.0,16.0,0.0,0.0,1200.0,1200.0,0.0,0.0,75.55797677
Croatia,2017,22.5,8.0,13.0,2017.0,8.0,14.5,0.0,40.0,4000.0,4040.0,80500.0,103019.0,78.14100176
Croatia,2018,0.0,3.0,10.0,2018.0,3.0,18.0,0.0,0.0,450.0,471.0,0.0,0.0,80.04959626
Croatia,2019,0.0,5.0,12.0,2019.0,5.0,15.0,1.0,5.0,60.0,65.0,0.0,0.0,81.50030941
Croatia,2020,5.9,7.5,25.5,2020.0,7.5,25.5,4.5,31.5,104685.5,114174.5,6511700.0,7892425.5,82.50568385
Croatia,2022,20.0,8.5,20.5,2022.0,10.5,7.5,365.5,0.0,0.0,0.0,0.0,0.0,93.29460735
Croatia,2023,0.0,6.333333333333333,10.0,2023.0,6.666666666666667,12.333333333333334,187.33333333333334,33.333333333333336,2059.0,2092.3333333333335,0.0,0.0,97.13499264
France,2000,21.666666666666668,9.5,8.666666666666666,2000.0,9.5,10.666666666666666,1.8333333333333333,1.5,1550.0,1584.8333333333333,0.0,0.0,54.89515197
France,2001,12494.142857142857,5.571428571428571,9.571428571428571,2001.0,5.714285714285714,11.285714285714286,2.4285714285714284,17.285714285714285,2770.1428571428573,2787.4285714285716,18907.14285714286,33495.57142857143,56.44657635
France,2002,2620.0,9.5,19.5,2002.0,9.5,20.75,7.5,0.75,3262.5,3263.25,297750.0,519254.25,57.34184015
France,2003,63.833333333333336,6.0,8.0,2003.0,6.0,14.333333333333334,3251.8333333333335,12.333333333333334,5000.0,5012.333333333333,983341.6666666666,1676811.1666666667,58.64355298
France,2004,0.0,8.0,17.0,2004.0,8.0,18.0,11.0,0.0,0.0,0.0,0.0,0.0,60.21357973
France,2005,2369.1,9.8,18.4,2005.0,10.2,21.8,2.6,0.0,800.0,800.0,2000.0,3212.6,62.25647853
France,2006,56.666666666666664,6.666666666666667,12.666666666666666,2006.0,6.666666666666667,15.666666666666666,464.3333333333333,0.6666666666666666,200.0,200.66666666666666,0.0,0.0,64.26483222
France,2007,0.0,2.3333333333333335,22.0,2007.0,2.3333333333333335,23.666666666666668,1.6666666666666667,0.0,400.0,400.0,83333.33333333333,126075.33333333333,66.09810297
France,2008,107.5,7.0,6.5,2008.0,7.0,7.0,1.5,3.0,1050.0,1353.0,40000.0,58278.5,68.63567228
France,2009,29.4,4.4,12.2,2009.0,4.4,13.4,3.6,40.0,0.0,40.0,640000.0,935786.8,68.39164268
France,2010,40.25,7.75,23.5,2010.0,8.25,11.0,20.5,19.75,125250.0,125269.75,1432500.0,2060757.0,69.51329329
France,2011,70.0,11.5,9.5,2011.0,11.5,12.5,3.0,0.0,1150.0,1150.0,0.0,0.0,71.70772361
France,2012,0.0,2.0,0.0,2012.0,2.0,0.0,12.0,0.0,0.0,0.0,0.0,0.0,73.19159161
France,2013,70.5,7.75,18.0,2013.0,7.75,19.75,1.5,0.0,2337.5,2337.5,163750.0,220498.0,74.26372907
France,2014,21.428571428571427,5.857142857142857,14.428571428571429,2014.0,6.142857142857143,13.0,2.857142857142857,0.0,1400.0,1400.0,69285.71428571429,91807.42857142857,75.46845568
France,2015,1021.9833333333332,8.333333333333334,16.0,2015.0,9.0,9.666666666666666,1099.3333333333333,0.0,250.0,250.0,308000.0,407634.0,75.55797677
France,2016,0.0,5.0,28.0,2016.0,6.0,21.0,4.0,24.0,20000.0,20024.0,2400000.0,3136795.0,76.5112162
France,2017,88.33333333333333,5.333333333333333,14.333333333333334,2017.0,5.333333333333333,15.333333333333334,1.0,7.666666666666667,4053.3333333333335,4061.0,183333.33333333334,234618.66666666666,78.14100176
France,2018,28.285714285714285,4.571428571428571,15.428571428571429,2018.0,4.714285714285714,13.714285714285714,3.4285714285714284,15.142857142857142,712.8571428571429,728.0,130285.71428571429,162756.2857142857,80.04959626
France,2019,46.39,9.8,18.9,2019.0,10.1,14.1,145.1,2.7,321.5,324.2,41500.0,50920.1,81.50030941
France,2020,0.0,5.25,14.125,2020.0,5.375,13.5,243.0,4.0,1954.375,1958.375,127500.0,154534.75,82.50568385
France,2021,16.666666666666668,7.555555555555555,15.11111111111111,2021.0,7.555555555555555,17.11111111111111,0.2222222222222222,0.7777777777777778,266.1111111111111,266.8888888888889,625888.8888888889,724562.3333333334,86.38165694
France,2022,7.0,6.333333333333333,15.333333333333334,2022.0,7.166666666666667,11.5,802.1666666666666,13.0,10050.0,10063.0,0.0,0.0,93.29460735000002
France,2023,70.2,9.625,10.875,2023.125,8.5,8.625,342.125,15.125,1298.5,65938.625,266875.0,274746.5,97.13499264
France,2024,25.0,6.75,20.25,2024.0,7.0,14.5,2.25,6.75,808.75,815.5,0.0,0.0,100.0
Germany,2001,100.0,7.0,6.0,2001.0,7.0,7.0,6.0,0.0,0.0,0.0,300000.0,531476.0,56.44657635
Germany,2002,66.0,5.6,15.2,2002.0,5.6,17.2,9.8,25.4,66120.0,66145.4,2730000.0,4760921.6,57.34184015000001
Germany,2003,0.0,5.0,3.0,2003.0,5.0,3.3333333333333335,3123.3333333333335,0.0,0.0,0.0,650000.0,1108391.3333333333,58.64355298
Germany,2004,102.4,6.5,8.5,2004.0,6.5,9.0,1.0,0.0,75.0,75.0,71000.0,117913.5,60.21357973
Germany,2005,45.25,6.75,16.0,2005.0,6.75,18.5,1.0,41.75,112.5,154.25,197500.0,317236.25,62.25647853
Germany,2006,-3.3333333333333335,4.5,16.666666666666668,2006.0,4.666666666666667,17.333333333333332,4.333333333333333,50.0,166.66666666666666,216.66666666666666,0.0,0.0,64.26483222
Germany,2007,66.66666666666667,3.3333333333333335,16.666666666666668,2007.0,3.3333333333333335,18.333333333333332,6.333333333333333,43.333333333333336,0.0,43.333333333333336,1833333.3333333333,2773655.0,66.09810297
Germany,2008,110.0,3.5,29.0,2008.0,4.5,2.0,4.0,0.0,0.0,0.0,1350000.0,1966907.0,68.63567228
Germany,2009,-14.9,6.5,17.0,2009.25,3.75,18.75,4.0,0.0,0.0,0.0,17500.0,25587.75,68.39164268
Germany,2010,32.5,8.25,21.25,2010.0,8.5,15.25,2.0,0.0,350.0,350.0,250000.0,359643.5,69.51329329
Germany,2012,0.0,7.0,3.5,2012.0,7.0,15.5,3.0,0.0,0.0,0.0,0.0,0.0,73.19159161
Germany,2013,40.0,8.5,21.5,2013.0,8.75,20.75,5.25,0.5,150000.0,150000.5,4425000.0,5958494.25,74.26372907
Germany,2014,0.0,6.5,18.0,2014.0,6.5,19.5,4.0,0.5,0.0,0.5,200000.0,265011.5,75.46845568
Germany,2016,91554.92,5.0,31.0,2016.0,6.0,7.0,7.0,0.0,0.0,0.0,2000000.0,2613996.0,76.5112162
Germany,2017,0.0,7.0,21.333333333333332,2017.0,7.0,23.0,2.0,8.0,200.0,208.0,299666.6666666667,383494.6666666667,78.14100176
Germany,2018,84.0,4.0,8.5,2018.0,4.0,9.0,2.5,6.0,0.0,6.0,294237.5,367569.0,80.04959626
Germany,2019,26.7,4.666666666666667,17.666666666666668,2019.0,4.666666666666667,24.0,1.6666666666666667,0.0,0.0,0.0,0.0,0.0,81.50030941
Germany,2020,0.0,2.0,9.0,2020.0,2.0,9.0,0.0,33.0,0.0,33.0,0.0,0.0,82.50568385
Germany,2021,2862.943333333333,7.666666666666667,20.333333333333332,2021.0,7.666666666666667,22.0,75.66666666666667,334.6666666666667,200.0,534.6666666666666,13333333.333333334,15435375.666666666,86.38165694000001
Germany,2022,48.075,2.5,23.0,2022.0,3.5,17.5,2045.0,0.5,0.0,0.5,255789.0,274173.5,93.29460735
Germany,2023,0.0,9.0,12.25,2023.0,9.25,13.75,1595.0,0.0,0.0,0.0,0.0,0.0,97.13499264
Germany,2024,0.0,5.0,31.0,2024.0,6.0,4.0,12.0,9.0,3398.0,3407.0,4500000.0,4500000.0,100.0
India,2000,24880.45,7.4,9.65,2000.05,7.25,11.6,140.5,2.7,5008644.3,5021247.0,74775.0,136214.2,54.89515197000001
India,2001,5243.128571428571,6.9523809523809526,7.571428571428571,2001.0,7.0,9.523809523809524,1002.1428571428571,7945.333333333333,1193280.4285714286,1286559.0952380951,142139.2380952381,251811.95238095237,56.44657635
India,2002,51795.63888888889,7.333333333333333,9.444444444444445,2002.0,7.055555555555555,11.11111111111111,166.16666666666666,16.666666666666668,19001297.222222224,19001602.777777776,53439.444444444445,93194.5,57.34184015
India,2003,6949.941176470588,5.882352941176471,13.882352941176471,2003.0588235294117,6.0588235294117645,11.705882352941176,132.41176470588235,271.11764705882354,462181.76470588235,476355.5294117647,36058.82352941176,61488.117647058825,58.64355298
India,2004,1287.0142857142857,7.857142857142857,13.285714285714286,2004.0,8.285714285714286,14.142857142857142,2533.8571428571427,987.5714285714286,4821228.428571428,4837216.0,542685.7142857143,901267.8571428572,60.21357973
India,2005,60160.27741935484,7.483870967741935,14.709677419354838,2005.0645161290322,7.290322580645161,14.935483870967742,162.61290322580646,219.4516129032258,909630.8387096775,924818.0322580645,233548.38709677418,375139.12903225806,62.25647853
India,2006,71578.5,6.75,16.0,2006.0,7.4,8.65,71.55,23.9,161700.0,369223.9,169500.0,263752.35,64.26483222
India,2007,97737.34,7.2,12.45,2007.05,7.3,11.6,111.8,1.65,1907150.0,1907151.65,18807.55,28454.0,66.09810297
India,2008,84990.36363636363,7.181818181818182,14.0,2008.090909090909,6.545454545454546,12.454545454545455,164.36363636363637,4.545454545454546,1053547.0909090908,1271733.4545454546,15454.545454545454,22516.727272727272,68.63567228
India,2009,20328.70588235294,6.882352941176471,13.529411764705882,2009.0,7.764705882352941,14.0,129.64705882352942,6.9411764705882355,652501.2352941176,652743.4705882353,160823.5294117647,235150.88235294117,68.39164268
India,2010,26403.666666666668,6.222222222222222,12.666666666666666,2010.0,6.444444444444445,13.777777777777779,74.66666666666667,16.944444444444443,187343.5,237749.33333333334,119388.88888888889,171749.72222222222,69.51329329
India,2011,17932.976923076923,7.538461538461538,15.76923076923077,2011.0,8.076923076923077,16.76923076923077,79.84615384615384,19.23076923076923,961851.4615384615,986870.6923076923,156355.76923076922,218045.92307692306,71.70772361
India,2012,36663.2,7.4,17.1,2012.1,6.4,17.7,59.9,0.0,428086.0,431836.0,24400.0,33337.1,73.19159161
India,2013,14173.280833333336,7.083333333333333,14.416666666666666,2013.0,7.25,18.666666666666668,593.25,378.9166666666667,1392023.3333333333,1392402.25,198122.58333333334,266782.5,74.26372907
India,2014,6957.754375,7.0,15.1875,2014.0,7.125,15.3125,67.0,5.25,343998.75,384641.5,1466562.5,1943278.75,75.46845568
India,2015,41855.58772727272,6.090909090909091,14.0,2015.0454545454545,6.681818181818182,18.136363636363637,154.54545454545453,77.04545454545455,15750106.227272727,15752642.227272727,315863.63636363635,418041.36363636365,75.55797677
India,2016,21493.317499999997,5.8125,13.25,2016.0,6.3125,14.875,70.5625,19.5625,113531.25,238550.8125,160875.0,210263.375,76.5112162
India,2017,2817.458888888889,6.5,15.0,2017.0,6.833333333333333,17.38888888888889,130.33333333333334,2.4444444444444446,1240836.1666666667,1244177.5,117611.11111111111,150511.33333333334,78.14100176
India,2018,23.921739130434784,6.521739130434782,12.478260869565217,2018.0434782608695,6.521739130434782,14.521739130434783,60.69565217391305,31.26086956521739,1397286.043478261,1407015.1304347827,265607.82608695654,331804.0869565217,80.04959626
India,2019,3.0142857142857147,6.928571428571429,9.857142857142858,2019.0,7.571428571428571,10.0,173.42857142857142,130.57142857142858,1657142.857142857,1657273.4285714286,843571.4285714285,1035053.0,81.50030941
India,2020,27.727272727272727,6.181818181818182,11.727272727272727,2020.0,6.454545454545454,14.727272727272727,210.54545454545453,0.18181818181818182,1786213.6363636365,1786213.8181818181,2402727.272727273,2912196.090909091,82.50568385
India,2021,30.178947368421053,7.526315789473684,13.421052631578947,2021.0,7.684210526315789,18.157894736842106,111.89473684210526,33.36842105263158,201722.47368421053,201779.52631578947,411052.63157894736,475856.36842105264,86.38165694
India,2022,6.428571428571429,6.714285714285714,10.714285714285714,2022.0,7.714285714285714,15.857142857142858,315.7142857142857,180.0,313571.4285714286,313751.4285714286,600000.0,643124.0,93.29460735
India,2023,18.705882352941178,7.294117647058823,15.470588235294118,2023.0,7.647058823529412,15.235294117647058,125.58823529411765,49.705882352941174,896533.5294117647,896595.0,7529.411764705882,7751.470588235294,97.13499264
India,2024,16.7,6.866666666666666,15.8,2024.0,7.266666666666667,17.066666666666666,100.46666666666667,1715.2,1255079.5333333334,1257002.4,14220.0,14220.0,100.0
Iran,2000,3266.04,3.6,8.8,2000.0,3.6,9.0,17.6,3.0,580.0,1783.0,1200.0,2186.0,54.89515197000001
Iran,2001,22974.98,8.0,9.0,2001.0,8.0,9.8,95.2,56.8,241250.0,241306.8,20760.0,36778.2,56.44657635
Iran,2002,12732.011111111111,5.777777777777778,16.333333333333332,2002.0,5.777777777777778,17.22222222222222,32.333333333333336,156.22222222222223,38416.666666666664,39072.88888888889,40340.0,70350.0,57.34184015
Iran,2003,432.5428571428571,6.285714285714286,16.142857142857142,2003.0,6.285714285714286,16.285714285714285,3831.0,3249.0,29792.85714285714,42631.857142857145,74643.42857142857,127283.28571428571,58.64355298
Iran,2004,145568.76666666666,6.333333333333333,17.333333333333332,2004.0,6.333333333333333,23.666666666666668,23.0,107.0,906.6666666666666,2347.0,55080.0,91474.66666666667,60.21357973
Iran,2005,3615.9666666666667,5.0,16.77777777777778,2005.0,5.111111111111111,13.777777777777779,81.55555555555556,180.11111111111111,14029.666666666666,14404.222222222223,8888.888888888889,14277.888888888889,62.25647853000001
Iran,2006,4581.775,3.75,18.5,2006.0,3.75,19.75,19.25,373.5,42450.0,42823.5,14565.5,22664.75,64.26483222
Iran,2007,5910.0,6.0,16.5,2007.0,6.0,19.5,12.0,4.5,92500.0,92504.5,11000.0,16642.0,66.09810297
Iran,2008,1421.3200000000002,6.4,5.4,2008.0,6.4,5.8,11.2,59.0,4380.0,4439.0,0.0,0.0,68.63567228
Iran,2009,5.0,11.0,3.0,2009.0,11.0,3.0,0.0,269.0,0.0,269.0,0.0,0.0,68.39164268
Iran,2010,5.58,7.8,19.8,2010.0,7.8,20.0,2.0,100.6,150.0,950.6,0.0,0.0,69.51329329
Iran,2012,2876.825,7.75,11.75,2012.0,7.75,12.5,79.75,566.75,16510.0,17076.75,125000.0,170784.75,73.19159161
Iran,2013,6.633333333333333,6.333333333333333,17.666666666666668,2013.0,6.333333333333333,17.666666666666668,15.0,332.3333333333333,1166.6666666666667,1999.0,200000.0,269310.3333333333,74.26372907
Iran,2014,101845.40000000001,5.0,7.0,2014.0,5.0,10.0,12.666666666666666,93.33333333333333,146766.66666666666,150860.0,31333.333333333332,41518.333333333336,75.46845568
Iran,2015,155321.606,6.6,13.0,2015.0,6.6,15.4,10.4,6.0,4880.0,5286.0,127200.0,168347.4,75.55797677
Iran,2016,0.0,9.0,1.0,2016.0,9.0,2.0,4.0,0.0,0.0,2000.0,0.0,0.0,76.5112162
Iran,2017,8165.134000000001,8.0,14.0,2017.0,8.0,15.2,101.8,1907.4,40400.0,42676.4,226000.0,289220.6,78.14100176
Iran,2018,85053.9025,9.0,19.5,2018.0,9.0,19.75,2.75,350.75,5436.25,6537.0,46500.0,58088.75,80.04959626
Iran,2019,2.3200000000000003,6.8,11.2,2019.0,7.0,10.0,16.6,357.2,2004520.0,2005277.2,534000.0,655212.2,81.50030941
Iran,2020,24110.268888888888,5.444444444444445,18.666666666666668,2020.0,6.0,15.11111111111111,5.777777777777778,12.222222222222221,27060.0,27072.222222222223,262000.0,317553.8888888889,82.50568385
Iran,2021,2.542857142857143,5.571428571428571,9.285714285714286,2021.142857142857,6.714285714285714,11.428571428571429,3.7142857142857144,42.142857142857146,743156.0,743198.1428571428,25000.0,28941.428571428572,86.38165694
Iran,2022,2.34,5.2,9.2,2022.0,5.2,12.6,20.6,245.2,39655.8,39931.0,68800.0,73745.0,93.29460735
Iran,2023,2.8666666666666667,4.0,21.0,2023.0,4.0,22.5,1.5,762.5,50535.5,51298.0,50833.333333333336,52332.666666666664,97.13499264
Iran,2024,0.9800000000000001,5.2,21.2,2024.0,5.6,13.2,9.6,24.0,60967.4,60991.4,0.0,0.0,100.0
Iraq,2003,0.0,4.0,28.0,2003.0,6.0,29.0,0.0,0.0,17227.0,17227.0,0.0,0.0,58.64355298
Iraq,2006,48800.0,6.5,4.5,2006.0,6.5,9.5,10.0,10.0,29945.0,29955.0,650.0,1011.5,64.26483222
Iraq,2007,0.0,8.0,14.0,2007.0,10.0,3.0,24.0,0.0,4696.0,4696.0,0.0,0.0,66.09810297
Iraq,2008,1655.0,8.5,8.5,2008.0,10.0,19.0,7.5,0.0,446.0,746.0,0.0,0.0,68.63567228
Iraq,2009,0.0,10.0,30.0,2009.0,11.0,2.0,2.0,0.0,3000.0,3000.0,0.0,0.0,68.39164268
Iraq,2011,0.0,4.0,22.0,2011.0,4.0,22.0,6.0,1.0,0.0,2001.0,0.0,0.0,71.70772361
Iraq,2012,0.0,12.0,25.0,2012.0,12.0,26.0,4.0,0.0,0.0,0.0,0.0,0.0,73.19159161
Iraq,2013,0.0,11.0,18.0,2013.0,11.0,19.0,11.0,0.0,0.0,0.0,0.0,0.0,74.26372907
Iraq,2015,0.0,9.5,21.5,2015.0,10.0,30.5,29.0,1108.5,32500.0,33608.5,0.0,0.0,75.55797677
Iraq,2017,7.3,11.0,12.0,2017.0,11.0,12.0,10.0,469.0,5500.0,5969.0,0.0,0.0,78.14100176
Iraq,2018,0.0,11.0,22.0,2018.0,11.0,23.0,21.0,0.0,25000.0,25000.0,0.0,0.0,80.04959626
Iraq,2019,0.0,3.0,24.0,2019.0,4.0,2.0,10.0,0.0,5865.0,5865.0,0.0,0.0,81.50030941
Iraq,2020,0.0,3.0,18.0,2020.0,3.0,21.0,8.0,0.0,1500.0,1500.0,100000.0,121204.0,82.50568385
Iraq,2021,0.0,7.666666666666667,15.0,2021.6666666666667,10.0,15.666666666666666,5.333333333333333,1.0,2336900.0,2336901.0,4666.666666666667,5402.333333333333,86.38165694000001
Iraq,2022,0.0,5.0,1.0,2022.0,5.0,4.0,1.0,5000.0,0.0,5000.0,0.0,0.0,93.29460735
Iraq,2023,0.0,4.0,10.0,2023.0,4.0,14.0,3.0,0.0,0.0,0.0,0.0,0.0,97.13499264
Iraq,2024,0.0,3.0,18.0,2024.0,3.0,21.0,3.0,17.0,18000.0,18017.0,0.0,0.0,100.0
Israel,2000,48.333333333333336,5.333333333333333,6.333333333333333,2000.0,5.666666666666667,12.666666666666666,5.0,0.0,183.0,183.0,916.6666666666666,1670.0,54.89515197
Israel,2010,0.0,6.5,10.5,2010.0,6.5,12.0,23.0,11.0,10000.0,10011.0,135000.0,194207.5,69.51329329
Israel,2013,0.0,12.0,2.0,2013.0,12.0,15.0,4.0,3000.0,2000000.0,2003000.0,0.0,0.0,74.26372907
Israel,2015,0.0,9.0,8.0,2015.0,9.0,10.0,0.0,200.0,0.0,200.0,0.0,0.0,75.55797677
Israel,2016,0.0,11.0,18.0,2016.0,11.0,26.0,0.0,137.0,60000.0,60137.0,520000.0,679639.0,76.5112162
Israel,2018,17900.1,4.0,24.0,2018.0,4.0,27.0,12.0,0.0,0.0,0.0,0.0,0.0,80.04959626
Israel,2020,0.0,5.5,6.5,2020.0,5.5,9.0,3.5,0.0,10.5,10.5,290000.0,351491.0,82.50568385
Italy,2000,0.0,9.75,11.75,2000.0,9.75,18.0,11.0,5.5,12575.0,12580.5,2012500.0,3666079.75,54.89515197
Italy,2001,23.0,7.666666666666667,12.666666666666666,2001.0,7.666666666666667,13.666666666666666,0.6666666666666666,0.0,0.0,0.0,92700.0,164226.33333333334,56.44657635000001
Italy,2002,3739.525,8.125,12.25,2002.0,7.625,11.5,4.625,7.75,2499.625,3694.875,236500.0,412438.75,57.34184015
Italy,2003,7466.25,5.0,19.75,2003.0,5.25,20.75,5023.0,0.5,395.0,395.5,1441588.0,2458220.75,58.64355298
Italy,2004,0.0,11.0,13.0,2004.0,11.0,14.0,2.0,0.0,200.0,200.0,0.0,0.0,60.21357973
Italy,2005,-21.0,12.0,27.0,2006.0,1.0,0.0,9.0,0.0,0.0,0.0,0.0,0.0,62.25647853
Italy,2006,0.0,3.5,15.0,2006.0,3.5,15.0,2.5,4.5,75.0,79.5,0.0,0.0,64.26483222
Italy,2007,22.5,6.5,0.0,2007.0,7.0,0.0,8.5,0.0,0.0,0.0,0.0,0.0,66.09810297
Italy,2008,1808.3333333333333,8.0,17.333333333333332,2008.0,8.0,19.333333333333332,3.0,0.0,100.0,100.0,92666.66666666667,135012.33333333334,68.63567228
Italy,2009,-1.94,6.8,14.4,2009.0,6.8,17.0,68.0,428.0,0.0,15428.0,527000.0,770561.8,68.39164268
Italy,2010,6241.666666666667,11.0,13.333333333333334,2010.0,11.333333333333334,4.666666666666667,1.0,1.6666666666666667,10366.666666666666,10368.333333333334,290666.6666666667,418145.3333333333,69.51329329
Italy,2011,15.666666666666666,9.666666666666666,15.333333333333334,2011.0,9.666666666666666,18.666666666666668,8.666666666666666,0.0,0.0,0.0,181666.66666666666,253343.33333333334,71.70772361
Italy,2012,-2.6399999999999997,5.8,12.2,2012.0,6.6,15.4,15.0,80.0,6200.0,9080.0,3427520.2,4682942.6,73.19159161
Italy,2013,0.0,11.0,18.0,2013.0,11.0,19.0,18.0,0.0,2700.0,2700.0,780000.0,1050311.0,74.26372907
Italy,2014,2251.2,5.6,14.2,2014.0,5.8,10.4,3.0,0.2,1738.0,1938.2,217400.0,288067.4,75.46845568
Italy,2015,66.66666666666667,7.0,9.0,2015.0,7.0,12.333333333333334,2.3333333333333335,0.0,183.33333333333334,183.33333333333334,381000.0,504248.3333333333,75.55797677
Italy,2016,4.7,9.75,25.25,2016.0,9.75,26.25,74.5,111.0,7532.25,7643.25,1375000.0,1797122.5,76.5112162
Italy,2017,1.5999999999999999,7.5,11.0,2017.0,7.5,11.666666666666666,7.5,8.833333333333334,766.6666666666666,775.5,443750.0,567883.5,78.14100176
Italy,2018,8.0,8.0,19.4,2018.0,8.2,15.8,4.6,5.6,504.6,510.2,243000.0,303561.8,80.04959626
Italy,2019,0.0,9.0,16.5,2019.0,9.0,18.333333333333332,1.1666666666666667,0.0,290.3333333333333,290.3333333333333,0.0,0.0,81.50030941
Italy,2020,0.0,8.857142857142858,14.571428571428571,2020.0,8.857142857142858,16.428571428571427,2.0,3.4285714285714284,1720.0,1723.4285714285713,18571.428571428572,22509.14285714286,82.50568385
Italy,2021,0.0,7.0,18.0,2021.0,7.0,19.0,0.5,0.0,5800.0,5800.0,29500.0,34151.0,86.38165694
Italy,2022,6.8,7.666666666666667,14.666666666666666,2022.0,9.333333333333334,11.166666666666666,3007.8333333333335,8.833333333333334,46.666666666666664,55.5,0.0,0.0,93.29460735000002
Italy,2023,19.85,5.375,13.0,2023.125,5.625,9.5,1596.375,13.75,5962.5,5976.25,1231250.0,1267565.875,97.13499264
Italy,2024,0.0,6.0,12.0,2024.0,6.0,14.5,2.0,1.5,500.0,501.5,0.0,0.0,100.0
Japan,2000,37.35,7.25,12.625,2000.0,7.375,11.75,4.0,47.625,72011.25,72097.875,1248750.0,2274790.875,54.89515197
Japan,2001,40.300000000000004,5.5,15.833333333333334,2001.0,5.5,16.666666666666668,4.166666666666667,88.16666666666667,3457.6666666666665,3547.8333333333335,300000.0,531475.8333333334,56.44657635000001
Japan,2002,18.333333333333332,7.5,10.0,2002.0,7.5,11.0,1.1666666666666667,42.5,16798.666666666668,16841.166666666668,4250.0,7411.833333333333,57.34184015
Japan,2003,1407.4833333333333,7.5,19.166666666666668,2003.0,7.5,20.166666666666668,7.666666666666667,278.6666666666667,3765.5,4080.6666666666665,219833.33333333334,374863.6666666667,58.64355298
Japan,2004,715.2583333333333,8.583333333333334,14.666666666666666,2004.0,8.666666666666666,16.5,22.583333333333332,414.4166666666667,34237.166666666664,35134.916666666664,3757791.6666666665,6240770.916666667,60.21357973
Japan,2005,44.01666666666667,7.0,17.166666666666668,2005.1666666666667,5.166666666666667,17.0,22.666666666666668,324.5,46071.166666666664,46395.666666666664,238833.33333333334,383628.1666666667,62.25647853
Japan,2006,10804.0,6.8,15.4,2006.0,7.0,18.0,12.4,149.4,4517.4,4686.6,500000.0,778030.6,64.26483222
Japan,2007,389.9125,6.625,14.75,2007.0,6.75,16.75,10.875,558.125,8011.125,13652.75,1726250.0,2611648.375,66.09810297
Japan,2008,13108.425,6.75,16.0,2008.0,6.75,16.5,19.0,162.75,12567.5,12730.25,69250.0,100895.25,68.63567228
Japan,2009,37.699999999999996,7.833333333333333,12.166666666666666,2009.0,7.833333333333333,12.666666666666666,12.833333333333334,73.0,5400.0,5473.0,233333.33333333334,341172.3333333333,68.39164268
Japan,2010,17.5,7.0,18.5,2010.0,7.0,21.5,90.0,0.0,7500.0,7500.0,0.0,0.0,69.51329329
Japan,2011,75.88571428571429,6.571428571428571,12.857142857142858,2011.0,6.714285714285714,13.428571428571429,2853.714285714286,4061.1428571428573,52312.42857142857,56373.57142857143,30360000.0,42338535.428571425,71.70772361
Japan,2012,58.0,6.142857142857143,13.0,2012.0,6.142857142857143,18.0,24.714285714285715,371.7142857142857,14240.857142857143,14612.57142857143,243200.0,332278.71428571426,73.19159161
Japan,2013,4.68,6.6,12.0,2013.0,7.1,10.4,40.0,5593.5,7509.3,13102.8,22220.0,29920.3,74.26372907
Japan,2014,56.55384615384616,8.153846153846153,12.461538461538462,2014.0,8.153846153846153,15.461538461538462,23.153846153846153,1691.8461538461538,2994.6923076923076,4698.076923076923,513923.07692307694,680977.3846153846,75.46845568
Japan,2015,81.3,7.4,13.3,2015.0,7.4,13.8,7.1,1511.8,10582.8,12094.6,163020.0,215754.9,75.55797677
Japan,2016,1868.556,6.9,14.8,2016.0,6.9,16.0,10.1,366.1,40887.6,43652.8,5820000.0,7606727.9,76.5112162
Japan,2017,124.0,8.5,12.5,2017.0,8.5,13.75,12.25,87.75,11037.0,11199.75,550500.0,704495.75,78.14100176
Japan,2018,15737.358571428571,8.0,13.142857142857142,2018.0,8.285714285714286,8.571428571428571,62.142857142857146,7285.571428571428,221628.2857142857,228913.85714285713,4428571.428571428,5532284.571428572,80.04959626
Japan,2019,6739.565,8.2,19.9,2019.0,8.4,17.2,28.8,2461.8,51360.2,53822.0,2621000.0,3215938.8,81.50030941
Japan,2020,7226.955,9.0,13.5,2020.0,9.25,9.25,26.25,43.5,62500.0,62543.5,1500000.0,1818056.75,82.50568385
Japan,2021,2.35,4.666666666666667,10.666666666666666,2021.0,4.666666666666667,13.0,10.333333333333334,98.33333333333333,6574.5,6682.833333333333,1766666.6666666667,2045187.0,86.38165694000001
Japan,2022,47.18571428571429,7.714285714285714,14.571428571428571,2022.0,7.857142857142857,14.428571428571429,16.0,2109.0,3795.8571428571427,5904.857142857143,1670428.5714285714,1790487.857142857,93.29460735
Japan,2023,73.53333333333333,7.166666666666667,5.666666666666667,2023.0,7.166666666666667,7.166666666666667,2.5,33.833333333333336,1759.5,1802.3333333333333,0.0,0.0,97.13499264
Japan,2024,43.916666666666664,5.166666666666667,13.833333333333334,2024.0,6.166666666666667,14.333333333333334,116.33333333333333,6460.666666666667,68080.83333333333,89524.5,2716666.6666666665,2716666.6666666665,100.0
Pakistan,2000,11.5,6.0,0.0,2000.0,6.0,0.0,33.25,0.0,64.5,64.5,0.0,0.0,54.89515197
Pakistan,2001,18517.95,6.0,14.5,2001.1666666666667,4.5,16.833333333333332,42.833333333333336,48.5,219865.33333333334,219997.16666666666,41083.333333333336,72782.66666666667,56.44657635000001
Pakistan,2002,496.8,7.2,11.9,2002.0,7.2,12.5,21.3,15.1,15476.7,15991.8,3.0,5.2,57.34184015000001
Pakistan,2003,1108.0,5.833333333333333,10.166666666666666,2003.0,6.5,7.5,88.16666666666667,88.83333333333333,210961.16666666666,211466.66666666666,0.0,0.0,58.64355298
Pakistan,2004,1.375,6.75,11.25,2004.0,7.0,13.75,7.75,40.75,2691.25,3312.0,0.0,0.0,60.21357973
Pakistan,2005,30139.781818181815,6.545454545454546,9.545454545454545,2005.0,6.818181818181818,11.818181818181818,6745.818181818182,11735.454545454546,683915.7272727273,1150514.8181818181,475454.54545454547,763702.9090909091,62.25647853
Pakistan,2006,5040.888888888889,7.666666666666667,11.0,2006.0,8.11111111111111,10.222222222222221,57.0,70.0,222.22222222222223,914.4444444444445,0.0,0.0,64.26483222
Pakistan,2007,22110.5,5.4,19.1,2007.0,5.7,14.8,91.1,20.9,165250.2,165271.1,194711.8,294580.0,66.09810297
Pakistan,2008,49599.1,7.75,15.75,2008.0,7.75,19.5,62.25,83.0,91438.0,91521.0,28250.0,41159.5,68.63567228
Pakistan,2009,13643.333333333334,6.333333333333333,15.333333333333334,2009.0,6.333333333333333,16.666666666666668,34.0,26.666666666666668,25000.0,25026.666666666668,0.0,0.0,68.39164268
Pakistan,2010,26215.14285714286,4.428571428571429,15.285714285714286,2010.0,4.571428571428571,13.142857142857142,312.2857142857143,431.14285714285717,2913554.714285714,2913985.8571428573,1371142.857142857,1972490.142857143,69.51329329
Pakistan,2011,16337.1,4.5,15.0,2011.0,6.0,9.5,255.5,377.5,2700500.0,2700877.5,1250000.0,1743187.5,71.70772361
Pakistan,2012,24260.0,8.0,12.8,2012.0,8.4,19.8,134.2,580.4,1009532.4,1010112.8,500000.0,683138.6,73.19159161
Pakistan,2013,92557.058,6.4,15.6,2013.0,6.4,19.0,146.0,347.2,339404.0,339751.2,320000.0,430896.8,74.26372907
Pakistan,2014,84562.0,6.0,5.333333333333333,2014.0,7.333333333333333,21.666666666666668,136.66666666666666,251.66666666666666,843333.3333333334,843585.0,672666.6666666666,891321.6666666666,75.46845568
Pakistan,2015,23173.194,7.0,18.2,2015.0,7.2,18.4,189.2,232.9,202393.6,216016.5,100.0,132.3,75.55797677
Pakistan,2016,15909.585555555557,6.111111111111111,10.333333333333334,2016.0,6.111111111111111,14.222222222222221,45.44444444444444,55.55555555555556,359.44444444444446,1232.7777777777778,222.22222222222223,290.44444444444446,76.5112162
Pakistan,2017,0.0,4.5,15.666666666666666,2017.0,5.166666666666667,13.833333333333334,40.0,570.8333333333334,10385.0,10955.833333333334,18333.333333333332,23461.833333333332,78.14100176
Pakistan,2018,21.0,5.0,12.5,2018.0,5.0,18.5,120.0,0.0,2500.0,2500.0,0.0,0.0,80.04959626
Pakistan,2019,0.4666666666666666,5.583333333333333,15.666666666666666,2019.0833333333333,7.583333333333333,15.5,38.0,4567.666666666667,400947.0,405514.6666666667,1416.6666666666667,1738.25,81.50030941
Pakistan,2020,0.0,4.571428571428571,9.428571428571429,2020.0,5.428571428571429,10.571428571428571,90.0,62.714285714285715,365593.5714285714,365755.5714285714,214285.7142857143,259722.42857142858,82.50568385
Pakistan,2021,0.7375,7.25,15.875,2021.0,7.625,18.25,33.0,384.125,7986.25,8401.625,1250.0,1447.125,86.38165694
Pakistan,2022,11.18,4.2,11.4,2022.0,5.0,13.4,361.6,2573.8,6600800.0,6603373.8,3000000.0,3215620.0,93.29460735
Pakistan,2023,4.269230769230769,5.153846153846154,18.153846153846153,2023.0,5.615384615384615,16.153846153846153,29.23076923076923,46.38461538461539,9243.461538461539,9289.846153846154,0.0,0.0,97.13499264
Pakistan,2024,17.166666666666668,4.5,17.833333333333332,2024.0,5.0,18.333333333333332,180.33333333333334,1461.6666666666667,95273.0,96801.33333333333,0.0,0.0,100.0
Portugal,2000,100.0,12.0,5.0,2000.0,12.0,8.0,5.0,10.0,173.0,183.0,0.0,0.0,54.89515197
Portugal,2001,5514.0,5.0,13.0,2001.0,5.0,14.5,3.0,0.0,491.5,491.5,0.0,0.0,56.44657635
Portugal,2002,0.0,12.0,26.0,2003.0,1.0,3.0,1.0,0.0,252.0,252.0,0.0,0.0,57.34184015
Portugal,2003,1420.0,5.333333333333333,10.333333333333334,2003.0,6.0,7.666666666666667,903.3333333333334,0.0,50012.0,50012.0,576666.6666666666,983342.0,58.64355298
Portugal,2004,540.0,8.0,0.0,2004.5,4.0,0.0,1.0,0.0,0.0,0.0,669068.0,1111158.0,60.21357973
Portugal,2005,0.0,5.5,7.5,2005.0,7.5,7.0,238.5,68.0,0.0,68.0,825000.0,1325163.5,62.25647853
Portugal,2006,23.5,8.5,16.5,2006.0,8.5,20.5,22.0,0.0,183.5,183.5,0.0,0.0,64.26483222
Portugal,2008,0.0,2.0,18.0,2008.0,2.0,18.0,2.0,0.0,72.0,110.0,0.0,0.0,68.63567228
Portugal,2009,0.0,1.0,0.0,2009.0,1.0,0.0,0.0,0.0,0.0,0.0,0.0,0.0,68.39164268
Portugal,2010,207.66666666666666,5.333333333333333,15.666666666666666,2010.0,5.333333333333333,16.0,15.333333333333334,6.0,200.0,206.0,540000.0,776830.0,69.51329329
Portugal,2013,43.333333333333336,4.666666666666667,14.0,2013.0,7.0,14.666666666666666,3.3333333333333335,7.0,1300.0,1322.3333333333333,0.0,0.0,74.26372907
Portugal,2014,0.0,1.5,9.5,2014.0,1.5,11.5,0.5,2.0,25.0,27.0,0.0,0.0,75.46845568
Portugal,2016,0.0,8.0,8.0,2016.0,8.0,13.0,4.0,200.0,699.0,1361.0,157000.0,205199.0,76.5112162
Portugal,2017,1270.0,8.0,16.0,2017.0,8.0,18.5,54.5,137.5,250.0,1737.5,366000.0,468384.0,78.14100176
Portugal,2018,73.73333333333333,8.666666666666666,5.666666666666667,2018.0,8.666666666666666,8.0,0.6666666666666666,35.666666666666664,103.33333333333333,139.0,38500.0,48095.333333333336,80.04959626
Portugal,2019,0.0,12.0,19.0,2019.0,12.0,22.0,3.0,0.0,51.0,51.0,0.0,0.0,81.50030941
Portugal,2022,15.666666666666666,6.333333333333333,13.0,2022.3333333333333,7.333333333333333,5.333333333333333,738.3333333333334,62.333333333333336,0.0,62.333333333333336,0.0,0.0,93.29460735000002
Portugal,2023,0.0,7.5,2.5,2023.0,8.0,4.5,716.0,17.5,700.0,717.5,0.0,0.0,97.13499264
Portugal,2024,0.0,9.0,15.0,2024.0,9.0,20.0,9.0,170.0,41329.0,41499.0,520000.0,520000.0,100.0
Russia,2000,8452.165217391304,6.130434782608695,7.304347826086956,2000.0,6.173913043478261,6.521739130434782,12.347826086956522,15.73913043478261,3475.782608695652,4321.95652173913,1950.6521739130435,3553.478260869565,54.89515197000001
Russia,2001,284171.0909090909,6.090909090909091,4.0,2001.0,6.181818181818182,6.454545454545454,72.54545454545455,29.272727272727273,35755.0,35820.63636363636,28027.272727272728,49652.63636363636,56.446576349999994
Russia,2002,22656.0,6.454545454545454,10.454545454545455,2002.0,6.545454545454546,11.909090909090908,52.0,114.72727272727273,36992.09090909091,37254.09090909091,49997.27272727273,87191.63636363637,57.34184015
Russia,2003,5045.46,5.6,12.8,2003.0,6.2,13.8,0.6,1.0,200120.0,200481.0,2120.0,3615.0,58.64355298
Russia,2004,138209.9875,5.875,20.125,2004.0,6.25,14.5,4.5,7.75,1582.25,1715.0,7844.875,13028.5,60.21357973
Russia,2005,0.0,3.75,7.125,2005.0,3.75,7.375,3.875,0.25,1130.625,1130.875,2958.5,4752.125,62.25647853
Russia,2006,88484.92,4.4,11.4,2006.0,4.6,11.4,23.2,10.8,3944.0,3954.8,237482.2,369536.8,64.26483222
Russia,2007,104402.06666666667,4.666666666666667,11.333333333333334,2007.0,5.0,13.0,0.6666666666666666,4.0,13000.0,13004.0,148584.0,224793.0,66.09810297
Russia,2008,5.8,10.0,11.0,2008.0,10.0,11.0,13.0,100.0,5135.0,5235.0,0.0,0.0,68.63567228
Russia,2010,-5.125,6.5,5.625,2010.0,7.375,12.5,6980.5,125.875,6683.0,6958.875,458250.0,659226.5,69.51329329
Russia,2011,0.0,6.666666666666667,27.333333333333332,2011.0,6.666666666666667,29.333333333333332,0.3333333333333333,4.666666666666667,4723.0,4727.666666666667,8005.0,11163.333333333334,71.70772361
Russia,2012,1306.0,6.0,11.0,2012.0,6.375,17.375,51.875,731.25,4674.625,6124.875,219625.0,300068.625,73.19159161
Russia,2013,34970.53333333333,4.0,12.0,2013.0,4.333333333333333,8.666666666666666,1.3333333333333333,497.0,111878.33333333333,112375.33333333333,344333.3333333333,463662.6666666667,74.26372907
Russia,2014,1829701.0,5.0,29.0,2014.0,6.0,10.0,6.0,2000.0,22545.0,24545.0,8000.0,10600.0,75.46845568
Russia,2015,0.0,5.0,18.5,2015.0,5.0,20.0,15.5,488.5,3250.0,3738.5,68410.0,90539.5,75.55797677
Russia,2016,611349.4333333333,6.0,11.666666666666666,2016.0,6.0,15.666666666666666,0.0,0.0,3898.6666666666665,3898.6666666666665,4000.0,5228.0,76.5112162
Russia,2017,39.6,5.0,19.5,2017.0,5.0,26.0,8.0,100.5,7860.5,7961.0,1000.0,1279.5,78.14100176
Russia,2018,86014.79,6.5,24.5,2018.0,7.0,21.0,5.0,1.5,7486.0,7487.5,5000.0,6246.0,80.04959626
Russia,2019,82664.61,7.6,20.0,2019.0,8.0,16.8,11.8,40.8,10000.0,10040.8,118400.0,145275.6,81.50030941
Russia,2021,846.3860000000001,7.2,12.4,2021.0,7.8,16.2,2.8,0.4,6351.2,6352.2,40000.0,46306.2,86.38165694
Russia,2022,0.0,6.0,17.333333333333332,2022.0,6.0,20.666666666666668,7.666666666666667,4.0,350.0,1084.0,0.0,0.0,93.29460735000002
Russia,2023,21.5,7.75,18.5,2023.0,7.75,20.25,9.0,19.0,7050.0,7069.0,12500.0,12868.75,97.13499264
Russia,2024,0.0,4.0,3.0,2024.0,4.0,12.0,3.0,0.0,38400.0,38400.0,227000.0,227000.0,100.0
Saudi Arabia,2000,0.0,6.0,5.5,2000.0,7.0,22.0,66.5,0.0,248.5,248.5,0.0,0.0,54.89515197
Saudi Arabia,2001,0.0,2.0,9.0,2001.0,3.0,22.0,35.0,0.0,74.0,74.0,0.0,0.0,56.44657635
Saudi Arabia,2002,22810.0,4.0,8.0,2002.0,4.0,13.0,19.0,0.0,0.0,0.0,0.0,0.0,57.34184015
Saudi Arabia,2003,0.0,9.5,9.5,2003.0,9.5,11.5,6.0,25.0,6500.0,6525.0,0.0,0.0,58.64355298
Saudi Arabia,2004,2680.0,4.0,14.0,2004.0,4.0,16.0,5.0,30.0,400.0,430.0,0.0,0.0,60.21357973
Saudi Arabia,2005,11380.0,2.5,25.0,2005.0,2.5,27.5,31.5,8.5,25.0,33.5,0.0,0.0,62.25647853
Saudi Arabia,2009,114600.0,11.0,24.0,2009.0,11.0,26.0,161.0,0.0,0.0,10000.0,900000.0,1315950.0,68.39164268
Saudi Arabia,2010,201100.0,7.0,16.5,2010.0,7.0,18.5,12.0,0.0,42.5,42.5,0.0,0.0,69.51329329
Saudi Arabia,2011,30361.0,1.0,25.0,2011.0,1.0,31.0,11.0,0.0,0.0,0.0,300000.0,418365.0,71.70772361
Saudi Arabia,2012,233126.0,4.0,14.0,2012.0,4.0,18.0,19.0,0.0,0.0,0.0,0.0,0.0,73.19159161
Saudi Arabia,2013,0.0,8.0,9.0,2013.0,8.0,10.5,19.5,0.0,510.5,510.5,0.0,0.0,74.26372907
Saudi Arabia,2015,0.0,7.0,20.0,2015.0,7.0,22.5,11.5,0.0,0.0,0.0,1000.0,1323.5,75.55797677
Saudi Arabia,2016,0.0,6.333333333333333,14.666666666666666,2016.0,6.333333333333333,18.0,8.0,0.6666666666666666,345.0,345.6666666666667,16666.666666666668,21783.333333333332,76.5112162
Saudi Arabia,2017,181054.82,11.0,21.0,2017.0,11.0,22.0,4.0,0.0,481.0,481.0,0.0,0.0,78.14100176
Saudi Arabia,2019,290157.48,5.333333333333333,25.666666666666668,2019.0,5.333333333333333,28.333333333333332,6.666666666666667,3.6666666666666665,469.0,472.6666666666667,0.0,0.0,81.50030941
Saudi Arabia,2020,0.0,8.0,0.0,2020.0,8.0,9.0,3.0,0.0,600.0,600.0,0.0,0.0,82.50568385
Saudi Arabia,2024,51.8,6.0,1.0,2024.0,6.0,20.0,1301.0,2764.0,0.0,2764.0,0.0,0.0,100.0
Spain,2000,9101.666666666666,5.333333333333333,10.0,2000.0,5.333333333333333,11.0,8.666666666666666,0.0,2833.3333333333335,2833.3333333333335,25000.0,45541.333333333336,54.89515197
Spain,2001,70.0,9.0,5.5,2001.0,9.0,14.0,6.0,0.0,375.5,375.5,36000.0,63777.0,56.44657635
Spain,2003,615.0,4.5,0.5,2003.0,8.0,5.5,7547.5,0.0,100.0,100.0,440000.0,750295.5,58.64355298
Spain,2004,140.0,5.666666666666667,27.0,2004.0,6.0,20.666666666666668,9.666666666666666,33.333333333333336,533.3333333333334,566.6666666666666,5761.666666666667,9568.666666666666,60.21357973
Spain,2005,0.0,9.5,22.5,2005.5,4.0,9.0,10.0,0.5,0.0,0.5,1025000.0,1646415.0,62.25647853
Spain,2006,13.333333333333334,8.333333333333334,13.666666666666666,2006.0,8.666666666666666,14.333333333333334,9.0,0.0,96.33333333333333,96.33333333333333,219666.66666666666,341814.6666666667,64.26483222
Spain,2007,625.0,5.0,15.0,2007.0,5.0,18.25,1.5,0.0,4150.0,4150.0,100000.0,151290.25,66.09810297
Spain,2009,56.666666666666664,6.333333333333333,18.666666666666668,2009.0,6.333333333333333,21.333333333333332,6.666666666666667,0.0,597.6666666666666,597.6666666666666,633333.3333333334,926039.0,68.39164268
Spain,2010,53.333333333333336,5.333333333333333,17.333333333333332,2010.0,5.333333333333333,20.666666666666668,1.6666666666666667,0.0,4666.666666666667,4666.666666666667,113333.33333333333,163038.33333333334,69.51329329
Spain,2011,2.55,8.0,9.0,2011.0,8.0,9.0,5.5,150.0,1200.0,8850.0,100000.0,139455.0,71.70772361
Spain,2012,0.0,9.0,21.0,2012.0,9.0,24.666666666666668,5.0,13.666666666666666,240.0,253.66666666666666,131666.66666666666,179893.0,73.19159161
Spain,2013,0.0,9.0,21.0,2013.0,9.0,22.0,0.0,0.0,300.0,300.0,0.0,0.0,74.26372907
Spain,2014,0.0,1.0,7.0,2014.0,1.0,7.0,3.0,0.0,0.0,0.0,0.0,0.0,75.46845568
Spain,2015,100.0,5.5,16.5,2015.0,6.0,5.0,2.0,0.0,875.0,875.0,1000.0,1323.5,75.55797677
Spain,2016,0.0,12.0,17.0,2016.0,12.0,19.0,5.0,0.0,150.0,150.0,50000.0,65350.0,76.5112162
Spain,2017,0.0,8.0,20.5,2017.0,8.0,22.5,2.0,0.0,750.0,750.0,0.0,0.0,78.14100176
Spain,2018,51.65,6.75,4.5,2018.0,6.75,6.0,6.0,0.0,50.0,50.0,37500.0,46846.0,80.04959626
Spain,2019,868.125,7.375,19.25,2019.0,7.5,18.375,3.375,0.375,486.25,486.625,319750.0,392329.75,81.50030941
Spain,2020,100.0,1.0,19.0,2020.0,1.0,21.0,17.0,0.0,2000.0,2000.0,315000.0,381792.0,82.50568385
Spain,2021,0.0,6.666666666666667,19.666666666666668,2021.0,7.333333333333333,5.0,2.6666666666666665,0.0,83.33333333333333,83.33333333333333,680333.3333333334,787590.3333333334,86.38165694000001
Spain,2022,21.6,5.5,24.0,2022.0,8.0,11.0,5662.0,0.0,1750.0,1750.0,0.0,0.0,93.29460735
Spain,2023,41.4,8.333333333333334,1.6666666666666667,2023.1666666666667,8.666666666666666,2.8333333333333335,1392.6666666666667,0.0,5466.666666666667,5466.666666666667,461666.6666666667,475283.5,97.13499264
Spain,2024,18.666666666666668,8.0,16.333333333333332,2024.0,8.333333333333334,9.333333333333334,77.66666666666667,0.0,12205.0,12205.0,3683333.3333333335,3683333.3333333335,100.0
Sri Lanka,2000,3937.5,10.25,21.25,2000.0,10.25,24.25,3.0,0.0,193778.25,193778.25,750.0,1366.25,54.89515197
Sri Lanka,2001,0.0,5.5,0.0,2001.5,1.0,0.0,0.0,0.0,500000.0,500080.0,0.0,0.0,56.44657635
Sri Lanka,2002,14150.0,12.0,16.0,2002.0,12.0,20.0,2.0,0.0,500000.0,500000.0,0.0,0.0,57.34184015
Sri Lanka,2003,13490.0,5.0,17.0,2003.0,5.0,26.0,235.0,0.0,695000.0,695000.0,29000.0,49451.0,58.64355298
Sri Lanka,2004,7823.033333333333,10.333333333333334,21.666666666666668,2004.0,10.333333333333334,25.666666666666668,11831.0,7725.333333333333,243710.0,411435.3333333333,438833.3333333333,728794.6666666666,60.21357973
Sri Lanka,2005,29870.0,11.0,21.0,2005.0,11.0,23.0,6.0,0.0,145000.0,145000.0,0.0,0.0,62.25647853
Sri Lanka,2006,6890.0,10.0,26.0,2006.0,11.0,20.0,25.0,2.0,333000.0,333002.0,3000.0,4668.0,64.26483222
Sri Lanka,2007,7236.666666666667,6.0,10.0,2007.3333333333333,2.3333333333333335,7.333333333333333,11.0,0.0,135333.33333333334,135333.33333333334,16.666666666666668,25.333333333333332,66.09810297
Sri Lanka,2008,46822.5,5.75,22.5,2008.0,6.5,6.5,14.25,0.0,206726.25,206726.25,0.0,0.0,68.63567228
Sri Lanka,2009,3912.5,8.0,12.5,2009.0,10.5,18.0,87.25,0.0,88751.75,103751.75,0.0,0.0,68.39164268
Sri Lanka,2010,15545.0,8.0,12.0,2010.0,8.5,15.5,17.5,5.0,385127.5,385132.5,52500.0,75525.0,69.51329329
Sri Lanka,2011,8404.8,4.0,11.8,2011.0,6.2,17.2,50.8,18.4,58988.6,271061.6,100000.0,139455.0,71.70772361
Sri Lanka,2012,16361.333333333334,7.666666666666667,15.333333333333334,2012.0,11.0,16.666666666666668,17.666666666666668,7.0,749000.0,772007.0,19400.0,26506.0,73.19159161
Sri Lanka,2013,8687.666666666666,4.0,9.666666666666666,2013.0,4.0,13.333333333333334,39.0,5.0,25808.0,27100.0,666.6666666666666,897.6666666666666,74.26372907
Sri Lanka,2014,0.0,7.285714285714286,10.0,2014.142857142857,6.714285714285714,11.571428571428571,48.0,4.142857142857143,429352.4285714286,429403.71428571426,3857.1428571428573,5110.857142857143,75.46845568
Sri Lanka,2015,0.0,10.0,15.0,2015.0,11.0,4.5,5.0,4.5,13650.0,13654.5,0.0,0.0,75.55797677
Sri Lanka,2016,0.0,7.5,7.0,2016.5,5.0,7.5,101.5,0.0,600801.0,600801.0,610000.0,797268.5,76.5112162
Sri Lanka,2017,5763.325,7.0,14.5,2017.0,9.5,13.5,162.25,38986.5,263243.75,302230.25,183750.0,235151.75,78.14100176
Sri Lanka,2018,9748.743333333334,9.0,15.666666666666666,2018.0,9.0,21.0,11.333333333333334,0.0,101237.33333333333,101237.33333333333,0.0,0.0,80.04959626
Sri Lanka,2019,6397.362857142857,9.0,13.714285714285714,2019.142857142857,9.0,13.0,8.285714285714286,2682.1428571428573,107807.14285714286,110489.28571428571,0.0,0.0,81.50030941
Sri Lanka,2020,0.0,8.666666666666666,6.666666666666667,2020.0,8.666666666666666,15.666666666666666,3.3333333333333335,2.0,50919.666666666664,50921.666666666664,0.0,0.0,82.50568385
Sri Lanka,2021,0.0,6.4,12.2,2021.0,6.8,6.8,7.0,1.4,66154.0,66155.4,0.0,0.0,86.38165694
Sri Lanka,2022,20.0,8.8,10.4,2022.0,9.0,8.8,3.0,1.2,35634.0,35635.2,0.0,0.0,93.29460735
Sri Lanka,2023,0.0,8.6,11.6,2023.0,8.8,14.4,1.8,0.6,57769.0,57769.6,0.0,0.0,97.13499264
Sri Lanka,2024,15.0,6.75,13.0,2024.0,7.0,15.75,15.5,17.25,251996.5,252013.75,0.0,0.0,100.0
Sweden,2002,0.0,7.0,24.5,2002.0,7.0,24.5,0.5,0.0,175.0,175.0,0.0,0.0,57.34184015
Sweden,2005,0.0,6.5,3.5,2005.0,6.5,4.5,3.5,0.0,0.0,0.0,1400000.0,2248762.0,62.25647853
Sweden,2013,0.0,12.0,7.0,2013.0,12.0,7.0,7.0,0.0,0.0,0.0,0.0,0.0,74.26372907
Sweden,2018,0.0,7.0,8.0,2018.0,7.0,25.0,0.0,0.0,0.0,0.0,102000.0,127421.0,80.04959626
Sweden,2020,0.0,2.0,7.0,2020.0,2.0,9.0,1.0,0.0,0.0,0.0,0.0,0.0,82.50568385
Sweden,2021,0.0,8.0,17.0,2021.0,8.0,18.0,0.0,0.0,13500.0,13500.0,70000.0,81036.0,86.38165694
Sweden,2022,36.9,5.0,30.0,2022.0,9.0,30.0,40.0,0.0,0.0,0.0,0.0,0.0,93.29460735
Sweden,2023,0.0,7.0,0.0,2023.0,8.0,0.0,13.0,0.0,0.0,0.0,0.0,0.0,97.13499264
UK,2000,932.3333333333334,9.0,15.666666666666666,2000.0,9.166666666666666,16.666666666666668,3.1666666666666665,0.6666666666666666,10683.333333333334,10684.0,1236358.3333333333,2252217.6666666665,54.89515197
UK,2001,1893.3333333333333,4.333333333333333,10.0,2001.0,6.0,10.666666666666666,3.6666666666666665,0.0,393.3333333333333,393.3333333333333,0.0,0.0,56.44657635000001
UK,2002,53.75,9.0,17.5,2002.0,9.0,21.25,2.0,0.0,267.5,267.5,100000.0,174392.75,57.34184015
UK,2003,0.0,7.0,0.0,2003.0,7.0,0.0,301.0,0.0,0.0,0.0,0.0,0.0,58.64355298
UK,2004,0.0,8.0,16.0,2004.0,8.0,17.0,0.0,8.0,1000.0,1008.0,96000.0,159432.0,60.21357973
UK,2005,1851.8,7.0,16.4,2005.0,7.0,18.2,2.6,0.0,760.0,760.0,140000.0,224876.2,62.25647853
UK,2007,10590.92,4.8,21.2,2007.0,5.0,20.0,5.4,0.2,68940.0,74940.2,1941600.0,2937451.8,66.09810297
UK,2008,0.0,5.0,10.5,2008.0,5.0,17.0,4.0,0.0,2500.0,2500.0,25000.0,36424.0,68.63567228
UK,2009,53.333333333333336,11.333333333333334,16.666666666666668,2009.0,11.666666666666666,16.666666666666668,2.6666666666666665,15.666666666666666,1360.0,1375.6666666666667,161333.33333333334,235896.33333333334,68.39164268
UK,2010,2909.0,8.0,23.666666666666668,2010.0,8.333333333333334,15.333333333333334,0.0,0.0,133.33333333333334,133.33333333333334,166.66666666666666,239.66666666666666,69.51329329
UK,2012,2126.75,9.5,19.25,2012.0,9.75,19.75,2.0,0.0,998.75,998.75,827750.0,1130935.75,73.19159161
UK,2013,34.0,10.6,16.2,2013.2,8.6,18.0,154.6,0.0,960.0,960.0,300000.0,403965.8,74.26372907
UK,2014,65.0,1.5,8.5,2014.0,2.0,9.5,3.5,0.0,9500.0,9500.0,362000.0,479671.0,75.46845568
UK,2015,0.0,12.0,15.0,2015.0,12.0,16.0,1.5,0.0,31800.0,31800.0,1200000.0,1588184.0,75.55797677
UK,2017,0.0,9.0,20.0,2017.0,9.0,22.0,0.0,0.0,150.0,150.0,0.0,0.0,78.14100176
UK,2018,48.4,5.666666666666667,14.666666666666666,2018.0,6.0,9.0,274.0,1.3333333333333333,260.0,261.3333333333333,3333.3333333333335,4164.0,80.04959626
UK,2019,12.9,8.0,18.0,2019.0,8.333333333333334,22.333333333333332,55.666666666666664,0.0,1600.0,1600.0,0.0,0.0,81.50030941
UK,2020,37.5,3.0,12.75,2020.0,3.5,14.0,640.0,0.0,1720.0,1720.0,0.0,0.0,82.50568385
UK,2021,0.0,10.0,21.0,2021.0,10.0,21.0,1.0,0.0,0.0,0.0,0.0,0.0,86.38165694
UK,2022,73.26,2.8,18.4,2022.0,4.4,14.0,695.0,0.0,0.0,0.0,98268.4,105331.2,93.29460735
UK,2023,75.0,9.0,1.0,2023.0,9.5,1.5,925.5,0.0,0.0,0.0,0.0,0.0,97.13499264
UK,2024,110.0,11.0,23.0,2024.0,11.0,27.0,5.0,0.0,750.0,750.0,0.0,0.0,100.0
USA,2000,23830.835483870967,6.354838709677419,13.580645161290322,2000.0645161290322,5.967741935483871,14.193548387096774,5.225806451612903,13.64516129032258,2621.4193548387098,2840.6774193548385,186825.8064516129,340332.03225806454,54.89515197
USA,2001,3028.918518518519,6.185185185185185,14.592592592592593,2001.0,6.2592592592592595,14.296296296296296,5.666666666666667,24.48148148148148,4771.592592592592,7607.111111111111,309696.2962962963,548653.8518518518,56.44657635
USA,2002,4993.419354838709,6.32258064516129,12.0,2002.0,6.612903225806452,10.64516129032258,14.32258064516129,10.580645161290322,5581.419354838709,5701.967741935484,351487.0967741936,612967.9354838709,57.34184015
USA,2003,18472.934782608696,7.260869565217392,16.434782608695652,2003.0,7.3478260869565215,17.73913043478261,10.043478260869565,26.956521739130434,11225.869565217392,11952.869565217392,824695.6521739131,1406285.1739130435,58.64355298
USA,2004,220.5,6.05,17.3,2004.0,6.15,17.05,10.95,3.1,254972.0,255026.85,2786513.5,4627715.95,60.213579730000006
USA,2005,19413.875,7.0,15.0625,2005.125,5.75,14.3125,123.3125,2.9375,53025.9375,53125.25,9941270.625,15968250.8125,62.25647853
USA,2006,19255.656666666666,7.866666666666666,14.933333333333334,2006.0,8.066666666666666,14.833333333333334,11.266666666666667,9.866666666666667,2765.8,2794.5666666666666,219078.66666666666,340899.76666666666,64.26483222
USA,2007,76866.24782608695,6.130434782608695,15.26086956521739,2007.0869565217392,6.043478260869565,16.608695652173914,15.304347826086957,22.652173913043477,28976.956521739132,29048.608695652172,430913.04347826086,651929.4782608695,66.09810297
USA,2008,27533.54090909091,5.954545454545454,15.5,2008.0454545454545,5.545454545454546,17.772727272727273,13.772727272727273,34.90909090909091,608643.1818181818,608691.7272727273,2630181.8181818184,3832091.6363636362,68.63567228
USA,2009,8149.058823529412,5.647058823529412,14.352941176470589,2009.0,5.882352941176471,17.705882352941178,8.529411764705882,14.529411764705882,573.5294117647059,666.0588235294117,720941.1764705882,1054136.3529411764,68.39164268
USA,2010,39778.9,5.533333333333333,16.066666666666666,2010.0666666666666,4.866666666666666,14.6,9.2,18.066666666666666,820.0,838.0666666666667,626833.3333333334,901746.0,69.51329329
USA,2011,12110.454545454546,5.136363636363637,15.409090909090908,2011.0,5.863636363636363,17.045454545454547,36.5,163.54545454545453,17986.363636363636,19609.0,2701500.0,3767376.6363636362,71.70772361
USA,2012,844.76,6.0,16.4,2012.0,6.12,16.08,12.72,33.48,3656.36,3742.04,3940840.0,5384279.72,73.19159161
USA,2013,28792.4275,6.5,16.607142857142858,2013.0,6.678571428571429,16.821428571428573,7.571428571428571,35.785714285714285,7333.035714285715,7663.357142857143,635264.2857142857,855416.6428571428,74.26372907
USA,2014,37.601,5.45,13.1,2014.0,6.1,13.35,10.25,15.05,5330.15,5354.2,838900.0,1111590.25,75.46845568
USA,2015,29307.02068965517,5.931034482758621,14.620689655172415,2015.0344827586207,6.103448275862069,14.482758620689655,11.310344827586206,8.068965517241379,1158.6206896551723,1606.551724137931,881862.0689655172,1167133.103448276,75.55797677
USA,2016,727.5562962962963,5.888888888888889,15.851851851851851,2016.0,6.074074074074074,16.51851851851852,9.962962962962964,10.703703703703704,3152236.1481481483,3152557.037037037,1656296.2962962964,2164775.777777778,76.5112162
USA,2017,111.9375,5.833333333333333,13.833333333333334,2017.0416666666667,6.083333333333333,17.291666666666668,14.083333333333334,24.0,31557.458333333332,36128.125,7937916.666666667,10158452.625,78.14100176
USA,2018,23.5,5.95,11.5,2018.0,6.85,17.55,14.5,2.45,88025.45,88189.75,3337500.0,4169290.3,80.04959626
USA,2019,48.195238095238096,5.619047619047619,17.952380952380953,2019.0,5.809523809523809,16.61904761904762,7.238095238095238,15.952380952380953,891.5238095238095,928.6190476190476,1102380.9523809524,1352609.5238095238,81.50030941
USA,2020,65.65217391304348,5.956521739130435,14.173913043478262,2020.0,6.565217391304348,14.695652173913043,11.0,23.08695652173913,1778.2608695652175,1801.3478260869565,3384782.6086956523,4102484.086956522,82.50568385
USA,2021,22.71627906976744,6.116279069767442,15.44186046511628,2021.0232558139535,6.27906976744186,16.0,18.27906976744186,5.232558139534884,1772.7906976744187,1836.4883720930231,3314302.3255813955,3836812.6279069767,86.38165694
USA,2022,49.385185185185186,5.814814814814815,13.555555555555555,2022.037037037037,6.185185185185185,12.074074074074074,18.814814814814813,12.555555555555555,219.7037037037037,256.81481481481484,5460592.592592592,5853063.333333333,93.29460735
USA,2023,12.068,5.92,13.48,2023.0,6.28,15.2,21.6,28.56,1021.12,1121.32,2726400.0,2806815.52,97.13499264000001
USA,2024,40.96551724137931,5.758620689655173,13.275862068965518,2024.0,6.517241379310345,13.827586206896552,50.48275862068966,11.172413793103448,388.55172413793105,466.7586206896552,5377068.9655172415,5377068.9655172415,100.0
