country,country_code,year,exports_pct_gdp,gdp_growth_pct,gdp_per_capita_usd,gdp_usd,imports_pct_gdp,inflation_pct,trade_pct_gdp
Afghanistan,AFG,2000,,,0.000174930991430166,3521.41805992345,,,
Afghanistan,AFG,2001,,0.0,0.000138706821676113,2813.57175387253,,,
Afghanistan,AFG,2002,,28.6000011706788,0.000178954088379235,3825.7014389996298,,,
Afghanistan,AFG,2003,,8.83227780288267,0.00019887111572872702,4520.94681854581,,,
Afghanistan,AFG,2004,,1.41411799339429,0.000221763653873013,5224.89671867782,,,
Afghanistan,AFG,2005,,11.2297148272859,0.000254184249149336,6203.25653870967,,12.6862687216715,
Afghanistan,AFG,2006,,5.35740324748592,0.000274218553561575,6971.75828229351,,6.78459655001655,
Afghanistan,AFG,2007,,13.8263195471281,0.00037622315200387603,9747.886187393931,,8.68057078513406,
Afghanistan,AFG,2008,,3.92498381999467,0.00038173323802844,10109.2970475432,,26.4186641547444,
Afghanistan,AFG,2009,,21.3905283926492,0.000452053705477043,12416.1527320567,,0.0,
Afghanistan,AFG,2010,,14.3624414710737,0.000560621505463146,15856.6685558336,,2.17853752389419,
Afghanistan,AFG,2011,,0.426354776777345,0.000606694676337726,17805.0982063141,,11.8041858089129,
Afghanistan,AFG,2012,,12.7522870926697,0.000651417134470046,19907.3297775872,,6.44121280934117,
Afghanistan,AFG,2013,,5.60074465863221,0.000637087099117099,20146.4167575987,,7.38577178397855,
Afghanistan,AFG,2014,,2.72454336219565,0.0006250549418139379,20497.1285556972,,4.67399603536345,
Afghanistan,AFG,2015,,1.45131466066431,0.000565569730408751,19134.221644732497,,0.0,
Afghanistan,AFG,2016,,2.26031420279821,0.0005220822155838981,18116.5723950772,,4.38389195513915,
Afghanistan,AFG,2017,,2.6470032027451,0.000525469770891619,18753.4564978159,,4.97595150553833,
Afghanistan,AFG,2018,,1.18922812944517,0.000491337221382603,18053.222687412603,,0.626149149168847,
Afghanistan,AFG,2019,,3.91160341625552,0.0004966025042585,18799.4444901128,,2.30237251516834,
Afghanistan,AFG,2020,10.4208171386207,0.0,0.000510787063366811,19955.9290521496,36.2890774127896,5.60188791482224,46.7098945514103
Afghanistan,AFG,2021,14.342152797537,0.0,0.000356496214115892,14259.995441075898,37.06956357719,5.13320340824963,51.4117163747271
Afghanistan,AFG,2022,18.3800424016375,0.0,0.000357261152798144,14497.2438721337,54.5054272070161,13.7121023720065,72.8854696086536
Afghanistan,AFG,2023,16.8527881206002,2.26694373649188,0.000413757894705303,17152.2346368715,50.7318770310383,0.0,67.5846651516385
Afghanistan,AFG,2024,16.8527881206002,2.26694373649188,0.000413757894705303,17152.2346368715,50.7318770310383,0.0,67.5846651516385
Argentina,ARG,2000,10.9863752325576,0.0,0.00763701489203628,284203.75,11.6360695451767,,22.6224447777343
Argentina,ARG,2001,11.5790080825317,0.0,0.00714147507662826,268696.75,10.2732473690136,,21.8522554515453
Argentina,ARG,2002,28.3825969991682,0.0,0.00256969963519124,97724.0042518602,13.370127359396,,41.7527243585642
Argentina,ARG,2003,25.9309429264224,8.83704079576924,0.00332047775133903,127586.973492177,14.7138051046861,,40.6447480311085
Argentina,ARG,2004,23.8476194239892,9.02957330068152,0.00424202099089422,164657.930452787,16.8450266849578,,40.692646108947
Argentina,ARG,2005,23.2458767338576,8.85165992013437,0.00506765342293276,198737.09501228202,17.3053942367662,,40.5512709706238
Argentina,ARG,2006,23.0266946038115,8.04715150043027,0.00586938028970204,232557.260817308,17.4067852681036,,40.4334798719151
Argentina,ARG,2007,22.6627503115066,9.00765087504757,0.00718525155147027,287530.508430568,18.2824203070644,,40.945170618571
Argentina,ARG,2008,22.0609003826242,4.05723310346406,0.0089441102657357,361558.037110419,18.341772996414,,40.4026733790382
Argentina,ARG,2009,19.5609850560818,0.0,0.00815023527028221,332976.484577619,14.4961418494061,,34.0571269054879
Argentina,ARG,2010,18.9338234053709,10.1253981561002,0.0102601313108254,423627.42209249,16.0371898581987,,34.9710132635696
Argentina,ARG,2011,18.4492091453155,6.00395169280579,0.012704283181968399,530158.122010442,16.7569458546489,,35.2061549999644
Argentina,ARG,2012,16.2378594620246,0.0,0.012949717486654001,545982.375701128,14.2886829096862,,30.5265423717108
Argentina,ARG,2013,14.6171733884386,2.40532378079436,0.012963675773326,552025.1402522459,14.7167556136651,,29.3339290021037
Argentina,ARG,2014,14.4054785893756,0.0,0.0122331444119186,526319.673731638,14.0013150558519,,28.4067936452275
Argentina,ARG,2015,10.7056520504538,2.73115982828944,0.0136796264980954,594749.285413212,11.7805740385254,,22.4862260889792
Argentina,ARG,2016,12.5270951690009,0.0,0.012699962313775601,557532.3206629549,13.5667926798789,,26.0938878488799
Argentina,ARG,2017,11.3202833596733,2.81850297775918,0.0145325009308511,643628.393281364,13.9693177780045,,25.2896011376779
Argentina,ARG,2018,14.4366857499034,0.0,0.0117527998922979,524819.8923601761,16.3258502050892,,30.7625359549926
Argentina,ARG,2019,17.9248783778462,0.0,0.009955974786804279,447754.68361522496,14.7057366680037,,32.6306150458499
Argentina,ARG,2020,16.6054144372484,0.0,0.00853559938004389,385740.508436965,13.5982843701675,,30.203698807416
Argentina,ARG,2021,18.0667091690365,10.4418119882506,0.0107380179223384,486564.08548003604,15.0119803984295,,33.078689567466
Argentina,ARG,2022,16.248014443903,5.26987967384072,0.0139356811110049,632790.0700631241,15.2996935612041,,31.5477080051071
Argentina,ARG,2023,12.7492457826544,0.0,0.014187482725296501,646075.277525125,13.8912663507893,,26.6405121334437
Argentina,ARG,2024,15.3342337389676,0.0,0.0138582039802008,633266.692533689,12.8251676959106,,28.1594014348782
Australia,AUS,2000,19.3902280759468,3.9215029305806,0.021870415966959402,416167.81509290804,21.5449829026037,4.45743514797224,40.9352109785505
Australia,AUS,2001,22.1523263999819,2.02510553454593,0.019695729737914402,379629.30167510797,22.0663780990158,4.40713536201469,44.2187044989977
Australia,AUS,2002,20.7266612553969,3.97958568067362,0.0203018431713256,395788.696012059,20.7224309468224,2.98157453936348,41.4490922022193
Australia,AUS,2003,19.0572127285496,3.09076190489348,0.023718133850186802,467739.07979033195,21.1443541839952,2.73259596616786,40.2015669125448
Australia,AUS,2004,17.1624682179729,4.22428481359962,0.0308367306824685,614659.980082515,19.8471453750713,2.34325522482583,37.0096135930442
Australia,AUS,2005,18.224372786193,3.15416753184221,0.034479767929838805,695692.89867656,20.9363741866049,2.69183168316832,39.1607469727979
Australia,AUS,2006,19.8535392187758,2.75534610557227,0.0365957071548423,748417.5627696359,21.7059079518,3.55528773727026,41.5594471705758
Australia,AUS,2007,20.1835039296691,3.77332171303566,0.0410516120652288,855007.458585224,21.8245161029657,2.32761128891476,42.0080200326348
Australia,AUS,2008,20.1488773165122,3.58626695226046,0.0497012817843335,1056112.42719038,22.6978990852209,4.35029854990048,42.8467764017331
Australia,AUS,2009,23.0109850559796,1.89255581922549,0.0428165674002829,928762.12269805,22.7298779728897,1.77111716621254,45.7408630288694
Australia,AUS,2010,19.7962619659869,2.21998026536549,0.0521446654705468,1148838.23348072,20.7253270281418,2.91834002677376,40.5215889941287
Australia,AUS,2011,21.4372472346938,2.40708018291988,0.062605600458306,1398610.61677297,20.4138847943582,3.3038501560874,41.851132029052
Australia,AUS,2012,21.4931586992533,3.91670942454073,0.06807287323408011,1547532.2811164,21.6711378002023,1.76278015613196,43.1642964994556
Australia,AUS,2013,19.9765688678184,2.60219339436559,0.0681907010035651,1577123.3294108799,21.2963101496093,2.4498886414254,41.2728790174276
Australia,AUS,2014,21.0876033946651,2.59528411594042,0.0625440873773726,1468265.35642776,21.3964196324343,2.48792270531404,42.4840230270994
Australia,AUS,2015,20.0661262864303,2.19016928695221,0.0567390265346593,1351296.37225431,21.5978056416682,1.50836672165921,41.6639319280984
Australia,AUS,2016,19.2787442533207,2.7593859723839,0.0498880410842736,1206836.9622818402,21.6953352224542,1.27699094497324,40.974079475775
Australia,AUS,2017,21.2566174818153,2.27959179820343,0.0539017145392154,1325582.65815654,20.9471141947652,1.94864740944527,42.2037316765804
Australia,AUS,2018,21.8940905352475,2.87846971467883,0.0571964220783778,1427809.04101944,21.8419745445958,1.91140094445691,43.7360650798433
Australia,AUS,2019,24.1596779983146,2.17154505737176,0.0549727017885437,1392723.83456264,22.0278238953145,1.61076787290379,46.1875018936291
Australia,AUS,2020,24.0267391579698,0.0,0.051791540179984,1328414.0583783798,20.6377169074661,0.846905537459305,44.6644560654359
Australia,AUS,2021,22.0566759771447,2.11116814768786,0.060607778860516597,1556735.77043726,18.2458042920249,2.86391042204994,40.3024802691697
Australia,AUS,2022,25.5315880289865,4.24238555336139,0.06499701365364749,1690858.24699443,20.2901822017406,6.59409671341846,45.8217702307271
Australia,AUS,2023,26.7992411333458,3.44199220009025,0.0648359199754535,1728057.31669561,22.4259429260923,5.5970149253731,49.2251840594381
Australia,AUS,2024,24.705209306537,1.4311125201703,0.064407484256932,1752193.30738034,22.6090197065918,3.1616142830575,47.3142290131289
Bangladesh,BGD,2000,12.3442012279919,5.29329471892532,0.000396670730249751,53369.7873186245,16.9775131339119,2.20825620937535,29.3217143619038
Bangladesh,BGD,2001,13.3865592080649,5.07728777526728,0.00039465641001891,53991.289844329105,18.7114578649468,2.0071737421384,32.0980170730117
Bangladesh,BGD,2002,12.4099689322019,3.83312393993225,0.000393886422327628,54724.0814905102,16.557411788963,3.33256493271913,28.9673807211649
Bangladesh,BGD,2003,11.4311486959413,4.73956739963045,0.00042674880754362,60158.9291882556,16.2267362042167,5.66870773441476,27.657884900158
Bangladesh,BGD,2004,11.1465089461353,5.23953291029852,0.000455614016909798,65108.544250042505,15.7117252031078,7.5875363850469,26.8582341492431
Bangladesh,BGD,2005,14.3928418979283,6.53594493875502,0.00048008585075452,69476.00123941901,20.0040929665367,7.04661816222039,34.396934864465
Bangladesh,BGD,2006,16.3534635652888,6.67190498576788,0.000490388026533289,71795.7361721561,21.7584608673034,6.76526117054757,38.1119244325921
Bangladesh,BGD,2007,16.9953348464905,7.05859935449848,0.000537955492792911,79611.6449745571,22.9470478066831,9.10698496905383,39.9423826531735
Bangladesh,BGD,2008,17.6588584820757,6.01378975738535,0.00061306204104124,91636.9973709772,24.9620555504832,8.90194489465154,42.6209140325589
Bangladesh,BGD,2009,16.9401329056133,5.04512479919337,0.0006792114774280561,102475.158190998,23.1526633174097,5.42347236174679,40.092796223023
Bangladesh,BGD,2010,16.0241126856916,5.57178818533122,0.000757385280361508,115275.540051262,21.7787299851405,8.12667639169917,37.8028426708321
Bangladesh,BGD,2011,19.9220749554939,6.46437912497728,0.0008373369446956471,128607.482310357,27.4987748801959,11.3951651552399,47.4208498356898
Bangladesh,BGD,2012,20.1615888640625,6.52145877906443,0.000859680536375497,133310.747603483,27.9493338849842,6.21750422069284,48.1109227490467
Bangladesh,BGD,2013,19.5378741098798,6.01360565834344,0.000958262989798283,149998.957434186,26.7585286129376,7.53040640913172,46.2964027228174
Bangladesh,BGD,2014,18.9896599950107,6.0610593588495,0.00109446199702838,172886.611653786,25.5244202017989,6.99163889220849,44.5140801968096
Bangladesh,BGD,2015,17.3366737865485,6.55263987816197,0.00122438647668165,195146.608978131,24.7493225204896,6.19428022984984,42.0859963070382
Bangladesh,BGD,2016,13.9212044814459,7.11347821270093,0.00164928380858601,265224.515675034,17.4129456531683,5.51352572692995,31.3341501346142
Bangladesh,BGD,2017,12.8197468906003,6.59024999794057,0.00181108221668646,293732.446624596,17.179983781834,5.70207015717239,29.9997306724343
Bangladesh,BGD,2018,12.6747879443391,7.31941263014136,0.00196524372731467,321362.75244178,19.8398437797492,5.54362139486476,32.5146317240884
Bangladesh,BGD,2019,13.0947573353039,7.88191515117722,0.00212979896954606,351231.654603692,18.4832971559365,5.59199639930629,31.5780544912404
Bangladesh,BGD,2020,10.4427880616037,3.44801755122445,0.00224885078828233,373979.442362193,15.8286593146113,5.69107474746211,26.271447376215
Bangladesh,BGD,2021,10.6627789004134,6.93867912442445,0.00248284917843357,416271.647911014,17.0612258032497,5.54565430773473,27.7240047036631
Bangladesh,BGD,2022,12.8822264348985,7.09982877575158,0.00271648592780431,460131.689083083,20.897740835675,7.69695437176898,33.7799672705735
Bangladesh,BGD,2023,13.1571638341204,5.77511237007889,0.00255101773827307,437415.33301829104,17.8258075763392,9.8835030377921,30.9829714104596
Bangladesh,BGD,2024,10.4611880382843,4.22325911250161,0.00259341607390407,450119.42462238896,16.3168883010409,10.4657482763412,26.7780763393252
Belgium,BEL,2000,72.5473951580567,3.71670510672588,0.0230988865077401,236792.460312471,69.6827399089776,2.54451776190908,142.230135067034
Belgium,BEL,2001,71.6119589202939,1.09960362419645,0.023015071263246197,236746.14160437,67.964880914325,2.46925823086078,139.576839834619
Belgium,BEL,2002,70.8312976956765,1.70689430349601,0.025006191397109,258383.599375177,65.2538517924041,1.64521436175357,136.085149488081
Belgium,BEL,2003,69.0365085088844,1.03795518162204,0.030655209267902397,318082.528506588,63.679044325004,1.5889639997038,132.715552833888
Belgium,BEL,2004,70.906277447218,3.57120671942319,0.0354294077933344,369214.712443206,66.0121279012141,2.09728311239314,136.918405348432
Belgium,BEL,2005,74.2828289213953,2.32173792911834,0.0368097013403619,385714.762230039,70.2462217485879,2.78143263670022,144.529050669983
Belgium,BEL,2006,76.8049970552189,2.55234087322462,0.0387051067959147,408259.840868823,72.7625122442923,1.7912077007046,149.567509299511
Belgium,BEL,2007,78.3018047028263,3.67692462515802,0.044319165448813,470922.156309453,74.1666421724765,1.82305630026808,152.468446875303
Belgium,BEL,2008,80.8806199752035,0.446905130727231,0.048303397956286,517328.087920078,80.2078278152436,4.48944420508401,161.088447790447
Belgium,BEL,2009,68.5960770690546,0.0,0.0449233400135081,485014.525992461,66.5423286532355,0.0,135.13840572229
Belgium,BEL,2010,75.8282898692443,2.71031150254662,0.044197393671161996,481556.50372000097,74.3342737521831,2.18929920422457,150.162563621427
Belgium,BEL,2011,80.2713643518839,1.93115502411325,0.0477608298776546,527196.649048639,80.494152536242,3.53208210722742,160.765516888126
Belgium,BEL,2012,80.0489721342421,0.215803612089744,0.0448741709182123,498414.364944961,80.3343292908166,2.83966343445899,160.383301425059
Belgium,BEL,2013,78.9114134413606,0.305494549070232,0.0469645946777056,524097.02659855,78.6622093410738,1.1130959402754,157.573622782434
Belgium,BEL,2014,79.3965205800202,1.76554038149924,0.0479957786961339,537987.4191643511,79.1750903735027,0.340002833356922,158.571610953523
Belgium,BEL,2015,77.8777392199991,1.47416433731927,0.040893804537772,461044.76754453103,77.1909428259269,0.561429152790065,155.068682045926
Belgium,BEL,2016,79.6181317071952,1.19350273007754,0.0418545498296444,474271.566739729,79.43956490475,1.97385264653181,159.057696611945
Belgium,BEL,2017,83.4444050525116,1.47446761556785,0.044035323935854805,500908.76735153,83.4596731852798,2.12597086002607,166.904078237791
Belgium,BEL,2018,83.4830567161373,1.87796847383565,0.0474872100392561,542638.913427921,84.7946361610806,2.05316499865186,168.277692877218
Belgium,BEL,2019,82.9674275396401,2.4428900448156,0.046716622746796395,536726.344405489,82.4980513923498,1.43681956996429,165.46547893199
Belgium,BEL,2020,79.1968705613294,0.0,0.0459062875805246,529694.473501791,77.7532507214541,0.740791812220344,156.950121282783
Belgium,BEL,2021,89.6253551052155,6.20759981274431,0.051658238294958,598522.422241851,87.7565373348573,2.44024851144084,177.381892440073
Belgium,BEL,2022,95.2395955015917,4.2593607365269,0.0508222518538518,593614.574325878,96.6998485924956,9.597511728725,191.939444094087
Belgium,BEL,2023,84.1806318555753,1.201691781997,0.0546900942734964,644655.2751115799,84.780377546093,4.04901077613941,168.961009401668
Belgium,BEL,2024,79.2199111409925,1.01889862506124,0.0559546106261018,664564.181486953,79.2330385210427,3.14349136500041,158.452949662035
Canada,CAN,2000,44.209235821106,5.1385391803606,0.0242710020563821,744773.415931587,38.5561220292153,2.71943995691976,82.7653578503214
Canada,CAN,2001,42.0399550909321,1.87509810696022,0.023822096210932,738981.792355372,36.3042633034376,2.52512013979906,78.3442183943698
Canada,CAN,2002,40.0586585930818,2.99925535017809,0.0242560192337185,760649.334098005,35.6483734848415,2.25839440940855,75.7070320779233
Canada,CAN,2003,36.8659851985508,1.80638512302554,0.0283018645937428,895540.646634787,32.9741094185099,2.75856321360112,69.8400946170607
Canada,CAN,2004,37.3277713060483,3.09236384292251,0.0321455412620217,1026690.23827825,32.864648684908,1.85725871857256,70.1924199909562
Canada,CAN,2005,36.8567073235071,3.21045439063563,0.0363836600068095,1173108.59877868,32.9024256932286,2.21355203439767,69.7591330167357
Canada,CAN,2006,35.4024592168513,2.63794375007348,0.0405040370977806,1319264.80959097,32.6497052601475,2.00202539534161,68.0521644769988
Canada,CAN,2007,34.229555163977,2.04990463726786,0.044660083889228104,1468820.40778326,32.0538645842577,2.13838399266837,66.2834197482347
Canada,CAN,2008,34.3950055520687,0.995406301140747,0.046710252686448406,1552989.69072165,32.6286028098296,2.37027067444299,67.0236083618983
Canada,CAN,2009,28.5158343165743,0.0,0.040874883193290294,1374625.1421572901,29.9585575059154,0.299466803009299,58.4743918224897
Canada,CAN,2010,29.1673819330319,3.09080634469335,0.047560666600940604,1617343.36748626,31.0407395714164,1.77687154092627,60.2081215044483
Canada,CAN,2011,30.6783919173107,3.13719442170364,0.0522238588398531,1793326.63017452,31.8203468535221,2.91213508872351,62.4987387708328
Canada,CAN,2012,30.3530255225878,1.75566129145483,0.0526703447335415,1828366.4815216002,32.2425234169127,1.51567823124517,62.5955489395005
Canada,CAN,2013,30.3319386683867,2.32581354806429,0.052638118723523704,1846597.42183498,31.8991362329537,0.938291897815317,62.2310749013405
Canada,CAN,2014,31.7365758733408,2.87346677785811,0.050960843117466105,1805749.87843994,32.6420862831515,1.90663590717861,64.3786621564923
Canada,CAN,2015,31.8499609634443,0.649971001734855,0.0435941941045394,1556508.8162171398,34.3149411035338,1.12524136094277,66.1649020669781
Canada,CAN,2016,31.5025724093362,1.03855092490855,0.042314061581721796,1527994.7419074299,33.8611121122194,1.42875954701085,65.3636845215556
Canada,CAN,2017,31.4544101509781,3.03383491200222,0.045129628116622994,1649265.6442440902,33.6466506994867,1.59688412852977,65.1010608504649
Canada,CAN,2018,32.3254037264858,2.74296344906655,0.0465391761570405,1725329.19278302,34.2744821243903,2.26822567248103,66.5998858508762
Canada,CAN,2019,32.3526958202565,1.90843194590616,0.046352869344521104,1743725.18367252,33.8187894602395,1.94926902411593,66.1714852804959
Canada,CAN,2020,29.4736472349344,0.0,0.043537839298904,1655684.73000019,31.6831237283418,0.716999632307827,61.1567709632763
Canada,CAN,2021,31.1750782983294,5.95052802804381,0.0528866616372703,2022378.74842323,31.0717584176126,3.39519318527528,62.2468367159421
Canada,CAN,2022,33.9431906669379,4.18903628100851,0.056256800726401504,2190411.08013432,33.374430889461,6.80280115341613,67.3176215563989
Canada,CAN,2023,33.3498760996793,1.52874550838358,0.054220328503987496,2173339.67006433,33.2824552373876,3.87900159788426,66.6323313370668
Canada,CAN,2024,32.4613353439237,1.5280811085284,0.0542826176051733,2241253.23097034,32.717698647348,2.38158383281173,65.1790339912717
China,CHN,2000,20.681599363293,8.58643201808462,0.000969199513696287,1223754.91997105,18.3293431142068,0.347811226864587,39.0109424774998
China,CHN,2001,20.0776873829946,8.31263887091522,0.0010654059757451901,1355036.59025152,18.0049595688389,0.719125609120114,38.0826469518334
China,CHN,2002,22.3518233715808,9.24339326638321,0.00116355957673426,1489821.68205054,19.8426189671605,0.0,42.1944423387413
China,CHN,2003,26.6023738514511,10.1181928640117,0.00130697245408557,1683903.30984385,24.4751062787292,1.12760348729637,51.0774801301803
China,CHN,2004,30.6097162464404,10.1314073631003,0.00153092726215723,1984196.55130044,28.0306177944035,3.82463743108159,58.6403340408439
China,CHN,2005,33.3687977498922,11.458238455067,0.00177764496828464,2317551.2980520497,27.9912771909315,1.77641407667571,61.3600749408237
China,CHN,2006,35.5268468681701,12.6746751655235,0.00212925696999613,2791498.4728043303,28.0427329939926,1.6494309945586,63.5695798621627
China,CHN,2007,34.9066956194649,14.1499854947127,0.00273472709877693,3604055.8225716297,26.3597683811527,4.81676767378834,61.2664640006176
China,CHN,2008,32.092513602143,9.67024588602851,0.00352344302065213,4667346.41452195,24.6186193981779,5.92525137041092,56.7111330003209
China,CHN,2009,24.3307718125403,9.40269972778044,0.00389824459158811,5189577.09499758,20.0889926205716,0.0,44.4197644331119
China,CHN,2010,26.7227451502264,10.5962719761682,0.00462924551710077,6192564.87445329,23.1313270837192,3.17532475269199,49.8540722339456
China,CHN,2011,26.1518828948067,9.4613358870736,0.00570376027973346,7671757.20785129,23.7939443305376,5.55389892257493,49.9458272253443
China,CHN,2012,25.0767043295175,7.85617427055587,0.0064050574241349,8673664.71318924,22.4035087488925,2.61952432645541,47.48021307841
China,CHN,2013,24.163343090563,7.77872409446717,0.00714703518622344,9743124.24726724,21.7526982889514,2.62105001748115,45.9160413795144
China,CHN,2014,23.0719766946892,7.46190028229434,0.00778106597484974,10674533.1682574,20.9964797865509,1.92164162788521,44.0684564812401
China,CHN,2015,20.939064223381,6.97878002657477,0.00817533285077393,11280814.7874689,17.7581206128424,1.43702380935655,38.6971848362233
China,CHN,2016,19.2036507364961,6.77555562837017,0.00825486859320357,11456024.084962,16.9735199564108,2.00000182191943,36.1771706929069
China,CHN,2017,19.3356301658109,6.8912663621211,0.00897967652709856,12537559.062282901,17.6152224501166,1.59313600071436,36.9508526159275
China,CHN,2018,18.7705198029033,6.75671800166833,0.0100856638148819,14147765.772963801,18.1238645885115,2.07479039965576,36.8943843914148
China,CHN,2019,18.055706959796,6.06850235053705,0.0103429009524335,14560167.101283401,17.1437133141061,2.89923416358227,35.1994202739021
China,CHN,2020,18.2035821684675,2.34018843078414,0.0106274637989619,14996414.1667151,15.8353686179343,2.41942189457782,34.0389507864018
China,CHN,2021,19.5262422245007,8.57008513166322,0.012887435724294101,18201698.719564,16.9944489517557,0.981015135544882,36.5206911762564
China,CHN,2022,20.297731691419,3.1341888719577,0.0129706056414327,18316765.0216902,17.1429881849395,1.97357555739051,37.4407198763585
China,CHN,2023,19.1024717160831,5.41484330099675,0.0129511782397043,18270356.6545332,17.0027206529743,0.234836828893051,36.1051923690574
China,CHN,2024,20.02291663623,4.9773565917572,0.0133031481543868,18743803.1708272,17.1755035026323,0.218128938439177,37.1984201388623
Croatia,HRV,2000,35.0895248860295,2.94525299539681,0.00495365158789022,22134.411297472998,39.5121605843111,4.61131554737801,74.6016854703406
Croatia,HRV,2001,37.1339109160715,3.11123487893718,0.005364838246916069,23066.883849646703,42.3066746873873,3.77670246665889,79.4405856034588
Croatia,HRV,2002,35.8915467723184,5.80332851682508,0.00621958164143945,26757.722428678102,45.2694510237026,1.67178437393383,81.1609977960211
Croatia,HRV,2003,35.5463061278995,5.56837267108266,0.00819011135193887,35245.317001822405,45.8969453074213,1.76733780760629,81.4432514353208
Croatia,HRV,2004,36.5616861872098,4.17048487309191,0.00971897322801967,41836.292157333504,45.082726473124,2.05539679050328,81.6444126603338
Croatia,HRV,2005,36.4026517230106,4.32707652205913,0.0104435278353294,45013.119281806,45.0896838484012,3.31717824448045,81.4923355714118
Croatia,HRV,2006,37.540364852706,5.0814659040727,0.011502753124287,49590.197656548204,45.9655144650503,3.18982591472949,83.5058793177563
Croatia,HRV,2007,37.4609320830429,5.04888620876034,0.013757605654192,59298.2657699946,45.7905446403689,2.89928275583388,83.2514767234118
Croatia,HRV,2008,35.9718745586299,1.96859009281911,0.0158894347074759,68478.77620598259,46.1001068950213,6.07696838798354,82.0719814536512
Croatia,HRV,2009,32.0980940206514,0.0,0.0144759632928725,62321.6421251721,37.5971499037889,2.37852845904674,69.6952439244403
Croatia,HRV,2010,35.4994545153643,0.0,0.0137312865213989,58981.738868753,37.1392023480675,1.03055505333574,72.6386568634317
Croatia,HRV,2011,38.0429216191801,0.0,0.0146949993201417,62903.7373797834,39.722817073075,2.2727272727273,77.7657386922551
Croatia,HRV,2012,38.7012180240299,0.0,0.0135086836989693,57551.9637532104,40.3010489406869,3.41207349081358,79.0022669647168
Croatia,HRV,2013,39.4653163386115,0.0,0.0141363967669505,59852.4012723204,41.445201034724,2.21658206429779,80.9105173733355
Croatia,HRV,2014,42.4134929086938,0.0,0.014187969453149301,59612.1440784133,42.7956840393101,0.0,85.2091769480039
Croatia,HRV,2015,45.4254911892461,2.32317515803855,0.0122853032582105,51005.2006696941,45.2154499097051,0.0,90.6409410989512
Croatia,HRV,2016,46.6165483632852,3.46112947356767,0.0128211738140304,52654.8556381057,45.5142407228836,0.0,92.1307890861689
Croatia,HRV,2017,48.9133105322268,3.28095812140658,0.0139026310485422,56186.1904379959,48.3080208721937,1.12937210282347,97.2213314044204
Croatia,HRV,2018,49.1092106291889,2.90468149344008,0.0154604183295843,61668.1301225878,49.9586073447811,1.50012501041756,99.06781797397
Croatia,HRV,2019,50.4892350523665,3.10043911443758,0.0155638167397199,61467.58219368241,50.8927782779613,0.771820346498019,101.382013330328
Croatia,HRV,2020,41.2770315838174,0.0,0.014808462018881901,57963.37088507981,48.2564222170774,0.154811374562106,89.5334538008947
Croatia,HRV,2021,49.7797053734111,12.6317003277712,0.0177899304736722,69006.8022986956,52.5287254424248,2.55450699642041,102.308430815836
Croatia,HRV,2022,59.4969715136887,7.28793643206565,0.018466095547264798,71198.6351019514,65.7168860772854,10.7805806758686,125.213857590974
Croatia,HRV,2023,52.9341592859634,3.30254488086325,0.0218654562838641,84393.7955024421,54.7667601446359,7.9412817758683,107.700919430599
Croatia,HRV,2024,49.7993080704898,3.81494521667429,0.023931452838274598,92526.176108621,52.9169106188281,2.97200477643618,102.716218689318
France,FRA,2000,29.7580489893129,4.14099996402915,0.0223405939516217,1360959.06947749,28.0279980425069,1.67595988720927,57.7860470318197
France,FRA,2001,29.4306035099419,1.89946701186636,0.0223317948343036,1370376.6772988602,27.4626293461303,1.63478079549601,56.8932328560722
France,FRA,2002,28.7307017592768,1.06775027069419,0.0241445727019529,1492427.75638243,26.4018230910334,1.9234122872706,55.1325248503102
France,FRA,2003,27.1369676673944,0.967827182558352,0.029479522210117497,1835095.98304909,25.4619146196714,2.09847219146923,52.5988822870657
France,FRA,2004,27.5381038597962,2.86825052501032,0.033644928222036394,2109792.29723703,26.2116609694066,2.14208964640241,53.7497648292028
France,FRA,2005,28.1635565257399,1.88856584109286,0.0346963718316971,2192146.40302817,27.65927959839,1.74586936380482,55.8228361241299
France,FRA,2006,28.9278484836141,2.71406448755236,0.03643156589065551,2317861.54469082,28.9414290456532,1.67512449608723,57.8692775292673
France,FRA,2007,28.8585344688926,2.53048188351066,0.0414861907828787,2655816.91186656,29.2940266620733,1.4879980595386,58.1525611309659
France,FRA,2008,29.1990596782502,0.380171435849121,0.0454648181385158,2926802.9415858597,29.9807331629246,2.81286194914787,59.1797928411748
France,FRA,2009,25.8809482311608,0.0,0.0417280884164132,2700075.88251898,26.3181640716005,0.0876204781574552,52.1991123027613
France,FRA,2010,27.8264880915553,2.00032476039051,0.0406948211697025,2646230.02798834,28.7610671562408,1.53112270420926,56.587555247796
France,FRA,2011,29.538847336075,2.43757653729007,0.0439297840873812,2870408.55399028,31.0667881455656,2.11159795174994,60.6056354816406
France,FRA,2012,30.3556786527444,0.183835264973013,0.040863581441233296,2683007.09578723,31.3032784243658,1.9541953161351,61.6589570771102
France,FRA,2013,30.5912853427773,0.781756446231,0.0426691795111893,2816077.6078752596,31.2279485306189,0.863715497861805,61.8192338733962
France,FRA,2014,30.741812901515,0.997832947295251,0.043148045928841604,2861236.11255242,31.4574540364356,0.50775882293799,62.1992669379507
France,FRA,2015,31.6934947262689,1.06675474783462,0.036702432373337895,2442483.4526425,31.8111924693795,0.0375143805125182,63.5046871956484
France,FRA,2016,31.498210070063,0.860031075424033,0.0370242157133669,2470407.61977713,31.8445463682721,0.18333486112386,63.3427564383351
France,FRA,2017,32.311834044929,2.08361485997399,0.0386871626407164,2588868.3233347097,33.0840141110421,1.03228275064662,65.3958481559711
France,FRA,2018,32.9179818922164,1.64590872395887,0.0414181766484844,2781576.3208843903,33.8842788890102,1.85081508315502,66.8022607812266
France,FRA,2019,32.8895593910847,2.02744646419237,0.040408284857475094,2722793.5151717598,33.5394177830602,1.10825492288294,66.4289771741449
France,FRA,2020,28.5572228192655,0.0,0.0391698606000707,2647926.05511005,30.2816679047993,0.476498852725066,58.8388907240647
France,FRA,2021,31.2880499332105,6.88233783360239,0.0437250999521245,2966433.6920080897,32.5004326976615,1.64233141038385,63.788482630872
France,FRA,2022,36.5036688904078,2.57084047567793,0.0410828119320747,2796302.21039884,39.2864747207143,5.22236748369735,75.7901436111221
France,FRA,2023,34.2800305804742,0.936487518850853,0.0446909345395117,3051831.6113847597,36.279524212719,4.87835726508441,70.5595547931931
France,FRA,2024,33.2440842472123,1.16613851497229,0.0461504876861593,3162079.0734957797,33.9788865095979,1.99904942291463,67.2229707568101
Germany,DEU,2000,29.6806532498145,2.87724595591061,0.0239258559901991,1966980.7011451002,29.5149460477259,1.44026838719741,59.1955992975405
Germany,DEU,2001,30.5604113813066,1.63654099437316,0.0238783641471651,1966381.49664173,28.9988749869052,1.98385731334471,59.5592863682118
Germany,DEU,2002,31.1904504893495,0.0,0.025486594200874797,2102350.79830589,27.1421182354634,1.42080615551526,58.3325687248129
Germany,DEU,2003,31.2678451095809,0.0,0.0307111022511331,2534715.5183490096,27.6466991846698,1.03422218628562,58.9145442942507
Germany,DEU,2004,33.9352126434777,1.16236825444811,0.0345667359143735,2852317.76806178,28.9712783030388,1.66573696655992,62.9064909465164
Germany,DEU,2005,35.9531497908166,0.885697256705441,0.0350844363546269,2893393.18736187,30.9999527026155,1.54691114751328,66.9531024934321
Germany,DEU,2006,38.9694499171537,3.85573614635729,0.0369803349948954,3046308.75367058,33.7897435474697,1.57742642840563,72.7591934646234
Germany,DEU,2007,40.6368056265783,2.89010717888073,0.042350921721148904,3484056.68085491,34.2470360551014,2.29834400700951,74.8838416816798
Germany,DEU,2008,40.9425488863489,0.910403214153277,0.0463863295924799,3808786.0223125,35.1588613264959,2.62837981637219,76.1014102128448
Germany,DEU,2009,35.4417264226192,0.0,0.042487213710149595,3479800.82086328,30.6735421084064,0.312739007368447,66.1152685310257
Germany,DEU,2010,39.4832687323685,4.14676755040489,0.0424099356994694,3468154.3430000097,34.3793720327515,1.1038103778926,73.8626407651201
Germany,DEU,2011,41.6299889730367,3.75796884487347,0.047646582043142996,3824828.5635214103,36.777324487501,2.07517283735874,78.4073134605377
Germany,DEU,2012,42.6688163749205,0.47429132103845,0.044735588231970096,3597896.50094531,36.6316714160221,2.00848884782956,79.3004877909427
Germany,DEU,2013,41.6686546134315,0.386224592046474,0.047220010209885095,3808086.2914823596,35.8957269607433,1.50472330251876,77.5643815741748
Germany,DEU,2014,41.6838906996921,2.16949889758517,0.0489710824722599,3965800.6863097902,35.1464405712237,0.906794000434246,76.8303312709159
Germany,DEU,2015,42.6044431481211,1.65271978656361,0.0419110109851054,3423568.4509570296,35.1869136162559,0.514426137125456,77.791356764377
Germany,DEU,2016,41.6238177033957,2.29471066413561,0.0429610356905775,3537784.10798055,34.3607698108013,0.491747008445174,75.9845875141969
Germany,DEU,2017,42.3259814296135,2.71602454639843,0.0455265999576533,3763092.2637529504,35.24065551723,1.50949485109628,77.5666369468435
Germany,DEU,2018,42.6073917339186,1.11644310902427,0.0488748595028454,4052008.4472235297,36.6202679583694,1.73216879766942,79.227659692288
Germany,DEU,2019,42.3863044855837,0.987893350164853,0.0476238656074829,3957208.05521568,36.747442628887,1.44565976888253,79.1337471144706
Germany,DEU,2020,39.1691838521344,0.0,0.047379765194548,3940142.5413541,33.824073376198,0.144877925813982,72.9932572283324
Germany,DEU,2021,42.6575836538409,3.6699998840452,0.0522656541620571,4348297.440387529,37.4990343972191,3.06666666666673,80.15661805106
Germany,DEU,2022,45.7805177232318,1.36973104612758,0.049686115458258295,4163596.35787939,43.2836096462941,6.87257438551097,89.0641273695259
Germany,DEU,2023,43.4023485563427,0.0,0.0539404073447462,4525703.903627531,39.3967578932279,5.94643667725823,82.7991064495705
Germany,DEU,2024,42.1002680442064,0.0,0.0558002194549412,4659929.33689062,38.2444033577531,2.2564981433876,80.3446714019595
India,IND,2000,12.9972363113479,3.84099115659129,0.000442750218937263,468395.521654458,13.9036865990995,4.0094359104519,26.9009229104474
India,IND,2001,12.5583796339108,4.82396626555771,0.000450357900514128,485440.139204171,13.4348751195257,3.77929312235637,25.9932547534365
India,IND,2002,14.2643839243147,3.80397532112175,0.000469149928973927,514939.140318756,15.2442790107467,4.29715203929563,29.5086629350614
India,IND,2003,14.9479138581734,7.8603814759073,0.000544143133545002,607700.687237318,15.6445222747346,3.80585899528851,30.592436132908
India,IND,2004,17.8591249630479,7.92293661199932,0.000624258826510066,709152.728830775,19.6446890963991,3.76725173477515,37.503814059447
India,IND,2005,19.6052466948335,7.92343062148318,0.000710488080408949,820383.7635114449,22.3964229200356,4.24634362031922,42.0016696148691
India,IND,2006,21.2679414221966,8.06073257166651,0.000801668353659022,940259.8887877209,24.4565390770687,5.79652337561634,45.7244804992652
India,IND,2007,20.7996997489032,7.6608150670107,0.0010218870770682602,1216736.4388349599,24.8865689304448,6.37288135593231,45.686268679348
India,IND,2008,24.0973572601391,3.08669805921981,0.000992519584923828,1198895.13900592,29.2708631790835,8.34926704907581,53.3682204392226
India,IND,2009,20.4005193743564,7.86188883286074,0.00109494974598436,1341888.0169948998,25.8723502685274,10.8823529411764,46.2728696428837
India,IND,2010,22.4009332487945,8.49758470221235,0.00134751939071367,1675615.51948496,26.8542732486216,11.9893899204244,49.2552064974161
India,IND,2011,24.5404113195713,5.24131619937695,0.00144546127486037,1823051.8298945501,31.0834686939585,8.91179336483371,55.6238800135298
India,IND,2012,24.534430661418,5.45638755166587,0.00142932199520032,1827637.59041041,31.2592910673332,9.47899691419801,55.7937217287511
India,IND,2013,25.430861300519,6.38610640094825,0.00143284397512195,1856721.50762158,28.4132706461587,10.0178784746102,53.8441319466777
India,IND,2014,22.9679630081172,7.41022760508854,0.00155388396075118,2039126.47915452,25.9542227389497,6.66565671867899,48.9221857470669
India,IND,2015,19.8131891564045,7.99625378571471,0.00158399815907985,2103588.36004494,22.1097247094602,4.90697344127256,41.9229138658647
India,IND,2016,19.1582349105946,8.25630550179086,0.00170750892912243,2294796.88566316,20.9242508026814,4.94821634062141,40.082485713276
India,IND,2017,18.7917648392982,6.79538341897911,0.0019501046828086601,2651474.2627554503,21.9507321152243,3.32817337461298,40.7424969545225
India,IND,2018,19.9278285988562,6.45385134497769,0.00196625455171679,2702929.64164874,23.6891407335327,3.9388264669163,43.6169693323889
India,IND,2019,18.664264897257,3.87143694070356,0.00204142863698585,2835606.25655819,21.2411386333872,3.72950573539129,39.9054035306442
India,IND,2020,18.6824769296756,0.0,0.00190704251637669,2674851.57858727,19.0756283996012,6.62343677628535,37.7581053292768
India,IND,2021,21.3991583305515,9.68959249192875,0.0022396138436748202,3167270.62326047,24.0239304534931,5.13140747176369,45.4230887840446
India,IND,2022,23.2515412045298,7.60936497768895,0.00234744829434623,3346107.2877309304,26.8237289453584,6.69903414079852,50.0752701498882
India,IND,2023,21.4486977833541,9.19075493028345,0.00253012031278204,3638489.09603386,23.544144504402,5.64914318907925,44.9928422877561
India,IND,2024,21.1781223210845,6.48422363033757,0.00269666389984463,3912686.16858221,23.4929703141577,4.95303550973656,44.6710926352422
"Iran, Islamic Rep.",IRN,2000,21.4670575687982,5.84552747587396,0.00165001385832603,109591.707801431,19.7901898960966,14.4767513188567,41.2572474648948
"Iran, Islamic Rep.",IRN,2001,19.303320356832,2.39217271180297,0.00188102266634748,126878.750295583,21.232246123348,11.2742471332117,40.53556648018
"Iran, Islamic Rep.",IRN,2002,24.4139021535169,8.07882927923774,0.00189125756092031,128626.91750439799,23.7587843982946,14.3359337378404,48.1726865518116
"Iran, Islamic Rep.",IRN,2003,24.62747283048,8.6392983956527,0.00220899636553529,151911.222120261,26.0516329444293,16.4680116244792,50.6791057749094
"Iran, Islamic Rep.",IRN,2004,25.2669282561482,4.33666598322418,0.00267242266512669,187754.571246703,26.0469290708994,14.7615086970672,51.3138573270476
"Iran, Islamic Rep.",IRN,2005,30.3308191860484,3.18980408131023,0.00313205081925856,224970.37132882598,24.1096760765685,13.433118008508,54.4404952626169
"Iran, Islamic Rep.",IRN,2006,29.869035250349,4.99979526935969,0.0036189160136791,265602.187406199,23.2983234635772,10.0158982511924,53.1673587139261
"Iran, Islamic Rep.",IRN,2007,28.8436124049704,8.15577351843464,0.0046879916626591505,349736.591836295,21.0436945169436,17.3410404624277,49.8873069219141
"Iran, Islamic Rep.",IRN,2008,26.577127451621,0.250856552511053,0.00537741150725587,406070.949550867,21.6522753221445,25.4105090311987,48.2294027737655
"Iran, Islamic Rep.",IRN,2009,22.7114891379066,1.00738546285622,0.00541552280554144,414059.09494959697,20.9880910865099,13.5515548281506,43.6995802244165
"Iran, Islamic Rep.",IRN,2010,24.3996532830257,5.79793829590261,0.006291194436523441,487069.57046136,19.3709904543267,10.0893629287979,43.7706437373524
"Iran, Islamic Rep.",IRN,2011,24.9333131264674,2.64571792008958,0.00802568743364356,629082.2574723681,16.2861016653904,26.2933856738608,41.2194147918578
"Iran, Islamic Rep.",IRN,2012,22.4753001992586,0.0,0.00811408099831877,644019.31500354,21.6140464814866,27.2568127242908,44.0893466807452
"Iran, Islamic Rep.",IRN,2013,25.1829067419072,0.0,0.00622274194840326,500399.83983987704,21.9038111775683,36.6030355191029,47.0867179194755
"Iran, Islamic Rep.",IRN,2014,22.8306723891643,4.98477506709494,0.005672063728963191,462284.793280825,22.5207477521518,16.6065532357449,45.3514201413161
"Iran, Islamic Rep.",IRN,2015,18.7208345068656,0.0,0.00495273355532178,409191.686496677,20.7017541543144,12.4846815611533,39.42258866118
"Iran, Islamic Rep.",IRN,2016,21.1617079991403,8.8150866425182,0.00547703712389913,459042.684192698,19.2261389217023,7.24542548952979,40.3878469208426
"Iran, Islamic Rep.",IRN,2017,22.7356882630098,2.75850524578875,0.00575311544659399,489168.73181114695,22.0091825028989,8.04492437660278,44.7448707659087
"Iran, Islamic Rep.",IRN,2018,31.1163801000709,0.0,0.00463178709016514,398880.231367268,27.4487096151447,18.0141183371874,58.5650897152156
"Iran, Islamic Rep.",IRN,2019,23.4838672675323,0.0,0.0038312789476333702,333519.146339191,27.2704670825754,39.9073455697784,50.7543343501077
"Iran, Islamic Rep.",IRN,2020,19.4246090258049,3.33028845926594,0.0029887812241471603,262186.179355944,24.3855556612928,30.5941390387295,43.8101646870977
"Iran, Islamic Rep.",IRN,2021,22.8392319889567,4.71977773157164,0.0043347926863135395,383436.202446695,21.5346020619098,43.3890162681514,44.3738340508665
"Iran, Islamic Rep.",IRN,2022,26.8158865548081,3.77663140152906,0.00440509291519791,394362.62179303495,24.7816202562159,43.4884641742179,51.597506811024
"Iran, Islamic Rep.",IRN,2023,24.2011131759559,5.04489019512138,0.004465637668533059,404625.655076275,27.9790626711581,44.5791857572797,52.180175847114
"Iran, Islamic Rep.",IRN,2024,22.8953163711569,3.0400003094751,0.00477140029026226,436906.331671859,26.8195776397192,32.455871402917,49.7148940108761
Iraq,IRQ,2000,75.7037742203896,16.7961344440251,0.00198018916038782,48364.2509439051,49.6328214205144,4.97896213183735,125.336595640904
Iraq,IRQ,2001,65.2733913946118,1.76660876568174,0.0014356956837889999,36176.4301288057,61.5068645821631,16.3740814963262,126.780255976775
Iraq,IRQ,2002,70.5700515170938,0.0,0.0012661596127509398,32928.454672424596,49.1919962298936,19.316694601979,119.762047746987
Iraq,IRQ,2003,77.3927188812537,0.0,0.000817887862499622,21921.5694788163,76.8418064070126,33.6162105992383,154.234525288266
Iraq,IRQ,2004,56.2709085305741,53.3855472887501,0.0013283715762829199,36633.6692693981,63.9630685911016,26.9619068193272,120.233977121676
Iraq,IRQ,2005,54.3478705800752,1.67522863586828,0.00176239360423421,50065.104667815904,61.3946697285668,36.9594809201871,115.742540308642
Iraq,IRQ,2006,51.0319429912104,5.63829915220637,0.00227655435744086,65147.0519180219,38.6185768669673,53.230962911428,89.6505198581778
Iraq,IRQ,2007,45.8998391733957,1.88853936243953,0.00312899010329066,88837.0573195179,28.1930139321023,0.0,74.092853105498
Iraq,IRQ,2008,50.3283072215829,8.22810710383277,0.00454296609046032,131614.43415350502,30.7272360450006,12.6628528269228,81.0555432665835
Iraq,IRQ,2009,39.4001102563314,3.37929909442771,0.0037147120598719397,111657.580326315,39.2872685626584,6.8736154721255,78.6873788189898
Iraq,IRQ,2010,39.41682921428,6.40256484471193,0.004461751961615549,138516.722649573,34.0806504059643,2.8777472527476,73.4974796202443
Iraq,IRQ,2011,44.4175230392819,7.546471200426,0.00577554229080293,185749.664444444,27.7538051840835,5.801455370853,72.1713282233655
Iraq,IRQ,2012,44.5084353612381,13.9364301737537,0.0064775961845095495,218002.476129472,29.1002492300431,6.08909641595043,73.6086845912812
Iraq,IRQ,2013,39.6635365352026,7.62828592298754,0.00665035282247395,234637.675128645,27.7464818743646,1.87949800749469,67.4100184095672
Iraq,IRQ,2014,38.9417264514779,2.26368817563613,0.00624939226978969,228415.656174957,30.0407604054258,2.23597407904679,68.9824868569036
Iraq,IRQ,2015,34.5141464410956,2.60676642939541,0.00444014189252367,166774.104959102,35.0776221572159,1.39333028780309,69.5917685983115
Iraq,IRQ,2016,28.1085236792986,13.7873730187089,0.0043344209640418805,166743.557747671,26.4797965093784,0.556521397155511,54.588320188677
Iraq,IRQ,2017,33.9160634134979,0.0,0.0047592846435467,187217.660050676,25.8648489788178,0.18405889884769,59.7809123923157
Iraq,IRQ,2018,40.8026420265318,2.63385099105624,0.005646689320747421,227367.469034031,24.9991497435766,0.367441488936849,65.8017917701083
Iraq,IRQ,2019,38.0518681988838,5.51379057542323,0.0056718568632941994,233636.097800338,30.9380702213968,0.0,68.9899384202806
Iraq,IRQ,2020,27.750277551257,0.0,0.00429518945121228,180898.79751687398,29.992038843889,0.574162679425795,57.742316395146
Iraq,IRQ,2021,37.3216528340457,1.50218070952037,0.004868494310807829,209691.945713103,24.1816154776761,6.04186489058044,61.5032683117218
Iraq,IRQ,2022,44.5259462145341,7.95904804992662,0.00652073154560584,287372.23213793105,24.2328478795559,4.99476596381044,68.75879409409
Iraq,IRQ,2023,39.6312322400043,0.517705525131191,0.00596531835077761,268881.051643549,29.8300885590124,4.35835351089586,69.4613207990167
Iraq,IRQ,2024,37.5074937454157,0.0,0.00607361032342708,279641.257615385,37.2289295621102,4.35835351089586,74.736423307526
Israel,ISR,2000,33.7710777307984,8.58208942390802,0.0217065194056329,136512.30054202498,34.575781306185,1.03264094955487,68.3468590369834
Israel,ISR,2001,29.5058979011867,0.277927326527333,0.0209663052667971,135002.039612906,32.6336868539683,1.15131578947373,62.139584755155
Israel,ISR,2002,30.8726038348007,0.0,0.019076458429832098,125332.33188399699,34.5985015797975,5.77235772357716,65.4711054145982
Israel,ISR,2003,32.6890976814998,1.4490576944626,0.0196434690380742,131408.914824005,34.1926526883506,0.702756121664681,66.8817503698504
Israel,ISR,2004,37.2034160019932,4.64789744397389,0.020568069408883397,140047.984605087,37.7697835245215,0.0,74.9731995265147
Israel,ISR,2005,38.8199731456125,4.38778887041551,0.0212868388636595,147519.922009047,39.50428823132,1.31348511383536,78.3242613769325
Israel,ISR,2006,39.0366654738202,5.60162698158004,0.0225272619795719,158900.547825306,39.3986234980262,2.06352636127915,78.4352889718463
Israel,ISR,2007,38.7309427849305,6.32334950499747,0.025721259407731102,184681.21467345,40.1061635147322,0.455170953741939,78.8371062996628
Israel,ISR,2008,37.1735711862802,3.22209599987266,0.030269217773489,221231.658862876,38.2073511193778,4.5521601685985,75.380922305658
Israel,ISR,2009,31.8215668375585,1.23773159721814,0.0285084938886475,213403.18185286,29.8540811264115,3.3561781898811,61.67564796397
Israel,ISR,2010,33.5283775791883,5.53434033902194,0.0314390887027614,239679.03663437202,32.104702289727,2.69137006338371,65.6330798689153
Israel,ISR,2011,34.1820194106911,5.51879621371651,0.034522521597907294,268094.998225028,34.7274184390463,3.484949197607,68.9094378497374
Israel,ISR,2012,34.718418157701,2.44716836741318,0.0333214300881602,263589.172712391,35.2466069250033,1.67920719398061,69.9650250827043
Israel,ISR,2013,32.8051206257893,4.08570918638205,0.0370343161080785,298478.070673058,31.3289305035608,1.5702553921127,64.1340511293501
Israel,ISR,2014,31.4890595862987,3.77582843213109,0.0383433046626235,315017.088116716,30.2242945297015,0.479786761439323,61.7133541160002
Israel,ISR,2015,30.8618661959764,2.23760317482488,0.0362131041481958,303469.434072296,28.0361057195896,0.0,58.897971915566
Israel,ISR,2016,29.6960089388032,4.45978271860821,0.037671538913879796,321940.97155801597,28.1030227462751,0.0,57.7990316850783
Israel,ISR,2017,28.9776587580992,4.3469311670646,0.041138470964272,358451.839052991,27.3024554959932,0.259414974505844,56.2801142540924
Israel,ISR,2018,29.6925022331652,4.00389862187025,0.0423626652754196,376299.083108497,29.0512520055796,0.794075660242623,58.7437542387448
Israel,ISR,2019,28.9810422486608,3.71049632750405,0.0442506313628073,400645.216358857,27.3443063939232,0.84978312826417,56.325348642584
Israel,ISR,2020,27.1722994385229,0.0,0.0445755719045492,410768.352657612,24.0643743535137,0.0,51.2366737920366
Israel,ISR,2021,28.8234046153015,9.38837403354628,0.052270904024195604,489851.549972347,26.0782795853972,1.53022007153675,54.9016842006986
Israel,ISR,2022,31.3853280968641,6.26326343841286,0.054949621556429004,525181.00802557,29.2595245774311,4.40997851069803,60.6448526742952
Israel,ISR,2023,30.4105026275679,1.82652049482384,0.0520037200729997,512184.638998974,27.5798180861304,4.20581655480978,57.9903207136983
Israel,ISR,2024,28.4347615877701,0.871968424377442,0.0541766844383302,540379.921261681,26.0172387092026,3.05710605410043,54.4520002969727
Italy,ITA,2000,25.5611956255751,3.88209885062652,0.0201900035636084,1149661.36343938,24.7135355199888,2.53768532095002,50.2747311455639
Italy,ITA,2001,25.5610801918444,2.00643329837733,0.0205704385917862,1172041.48880587,24.3021921285051,2.78516542713554,49.8632723203495
Italy,ITA,2002,24.3126948188163,0.26992966378873,0.0224513964379368,1281746.27119604,23.5586238603378,2.46532319171165,47.8713186791542
Italy,ITA,2003,23.2240496903642,0.0665538088732092,0.0275775700319855,1582930.01653882,22.7700362873432,2.6725555277285,45.9940859777074
Italy,ITA,2004,23.9268409466402,1.4740217064723,0.031348190184144496,1812808.75329475,23.3395514425368,2.20673661423657,47.2663923891771
Italy,ITA,2005,24.5118533579183,0.762410677306491,0.032062723833668996,1864982.26128685,24.6103208709435,1.9852929852798,49.1221742288618
Italy,ITA,2006,26.0530628243151,1.79947992234244,0.033537128699426905,1958563.6543856398,26.8704801353861,2.09084391012754,52.9235429597012
Italy,ITA,2007,27.2450545395013,1.46229205289291,0.0378261754554823,2222524.10812765,27.5829870177519,1.82974112202403,54.8280415572531
Italy,ITA,2008,26.7427615964483,0.0,0.0408285795580937,2417508.41418719,27.4714932992188,3.34783258401022,54.2142548956671
Italy,ITA,2009,22.2771595955525,0.0,0.0370996133958219,2209484.31901265,22.8643169766079,0.774768131387381,45.1414765721604
Italy,ITA,2010,24.9186514223879,1.52910573247101,0.0358568625485539,2144936.254535,26.743460391446,1.52551602118248,51.6621118138339
Italy,ITA,2011,26.5629866543354,0.695463154440176,0.038432374282001906,2306974.02027821,27.9092282905933,2.78063272879323,54.4722149449288
Italy,ITA,2012,27.9851870768453,0.0,0.0348543949441965,2097929.4951216797,26.8993081933752,3.04136333226775,54.8844952702204
Italy,ITA,2013,28.177442406394,0.0,0.035701674600237605,2153225.58194146,25.8567422253559,1.21999342274306,54.0341846317499
Italy,ITA,2014,28.6224027363532,0.0,0.0360283494022349,2173255.50798584,25.83212719685,0.241047429826756,54.4545299332032
Italy,ITA,2015,29.144111052532,0.885667635240807,0.0306398829751432,1845428.0488391002,26.2915747622901,0.0387903996579733,55.4356858148221
Italy,ITA,2016,28.7987488919157,1.23622108511661,0.0313915692898108,1887111.18817693,25.6333978099156,0.0,54.4321467018313
Italy,ITA,2017,30.1398859152774,1.60369995294101,0.032844115660604,1970720.90458471,27.4431081122137,1.22653316645812,57.5829940274911
Italy,ITA,2018,30.8135072735991,0.826646712344115,0.0349041081923834,2099435.26645867,28.4614762392164,1.13748763600391,59.2749835128154
Italy,ITA,2019,30.9498739181942,0.429162533780342,0.033812788724867995,2019606.79658353,27.7443163412796,0.611246943765304,58.6941902594738
Italy,ITA,2020,28.7258551870199,0.0,0.032091486662136605,1907481.09407923,25.2136287172564,0.0,53.9394839042764
Italy,ITA,2021,31.1716088630092,8.93106210800055,0.0368525425414951,2179207.7735960903,29.1303687572707,1.87378325762481,60.3019776202798
Italy,ITA,2022,35.0991400412578,4.82117669913565,0.0356539042103495,2104067.63031946,36.9173622620119,8.20128991161718,72.0165023032697
Italy,ITA,2023,33.5347636988069,0.715372500867531,0.0390654244365633,2304605.1398627902,32.106099775264,5.62219442195901,65.6408634740709
Italy,ITA,2024,32.7328584456689,0.725792380234424,0.040226047241617297,2372774.54779312,30.4432306155658,0.982373023061417,63.1760890612347
Japan,JPN,2000,10.4634942027505,2.76464755136783,0.0391693595701504,4968359.07595659,9.09887738115494,0.0,19.5623715839054
Japan,JPN,2001,10.0767999632844,0.386103426142029,0.0344061824638092,4374711.69409087,9.48280450872269,0.0,19.5596044720071
Japan,JPN,2002,10.8554456072287,0.0419624992862282,0.0328207936433254,4182846.04587361,9.5916764589296,0.0,20.4471220661583
Japan,JPN,2003,11.4658015766594,1.53512549946694,0.035387037420359896,4519561.645253531,9.86032369115249,0.0,21.3261252678119
Japan,JPN,2004,12.7862646247862,2.18611569439318,0.038298980171230304,4893116.00565656,10.8780887981112,0.0,23.6643534228975
Japan,JPN,2005,13.8158957221159,1.80390087215821,0.037812895019994804,4831467.0353898,12.4140588557406,0.0,26.2299545778565
Japan,JPN,2006,15.6573740466117,1.3723501275831,0.035991546002862,4601663.12264992,14.3590020520575,0.249355116079085,30.0163760986692
Japan,JPN,2007,17.2891273707229,1.48396941157472,0.035779024541642696,4579750.92035481,15.5274506811561,0.060039454498669,32.816578051879
Japan,JPN,2008,17.2355433764071,0.0,0.0398763039685725,5106679.1151273,16.8939331648175,1.3800788616492,34.1294765412245
Japan,JPN,2009,12.41956574798,0.0,0.0413089968370512,5289493.117993889,11.9706007858756,0.0,24.3901665338555
Japan,JPN,2010,14.9185034496428,4.09791791943181,0.044968156234973904,5759071.769013111,13.5799692441961,0.0,28.4984726938389
Japan,JPN,2011,14.7744622613499,0.0238095237995424,0.048760078949421096,6233147.17234135,15.4204984672798,0.0,30.1949607286296
Japan,JPN,2012,14.4147746129824,1.37475099905274,0.0491452804308193,6272362.99610503,16.0561363041928,0.0,30.4709109171752
Japan,JPN,2013,15.7841567318773,2.00510017681211,0.040898647896474405,5212328.1811661795,18.1946119190738,0.335037912184741,33.9787686509511
Japan,JPN,2014,17.4186553484795,0.296205514141889,0.0384753952461838,4896994.40535329,20.0127792201784,2.75922671353253,37.4314345686579
Japan,JPN,2015,17.4367598376529,1.56062669680782,0.0349606393843385,4444930.651964179,17.990648516827,0.795279630579839,35.4274083544798
Japan,JPN,2016,16.0579692360598,0.753826745789127,0.0393754731620781,5003677.62754424,15.2522776095286,0.0,31.3102468455884
Japan,JPN,2017,17.5914391047836,1.67533175173359,0.038834052934122704,4930837.36915142,16.831774467385,0.484199796126385,34.4232135721686
Japan,JPN,2018,18.3149455985223,0.643391023533141,0.0397511330982711,5040880.93932486,18.2949862035848,0.989094598021848,36.609931802107
Japan,JPN,2019,17.4635264275221,0.0,0.0404159567649547,5117993.85301651,17.7528916808924,0.46877615938395,35.2164181084145
Japan,JPN,2020,15.5331828643222,0.0,0.0400287341726762,5054068.00537628,15.8020257724508,0.0,31.335208636773
Japan,JPN,2021,18.1091919388618,2.69657404187188,0.0400945599795288,5039148.16886122,18.629254289208,0.0,36.7384462280698
Japan,JPN,2022,21.5464241239166,0.941998775483285,0.0340656438962526,4262463.31779653,25.2665627129772,2.49770278172255,46.8129868368938
Japan,JPN,2023,21.8515912402593,1.47503481053384,0.0338361756271617,4213167.23790583,23.2992883238654,3.26813365933163,45.1508795641248
Japan,JPN,2024,21.8515912402593,0.0836985643852159,0.032475892499219096,4026210.82114681,23.2992883238654,2.73853681635241,45.1508795641248
Pakistan,PAK,2000,9.62962571560589,4.2600880111325,0.000642338346499898,99484.80234452769,11.8303381728595,4.36666451291681,21.4599638884654
Pakistan,PAK,2001,10.6261723730627,3.65135017083765,0.000609939506905073,97145.61847990379,12.9510350567841,3.14826144590618,23.5772074298467
Pakistan,PAK,2002,11.2629668954049,2.59481668445784,0.0005999373457239271,97923.3028093537,11.8660490591242,3.29034472613153,23.1290159545291
Pakistan,PAK,2003,12.1646439105383,5.40131087314342,0.0006724417866989399,112371.913740823,12.4855146143016,2.91413470059479,24.6501585248398
Pakistan,PAK,2004,11.422970350187,7.83125556961251,0.000771902247348954,132216.04833941298,13.3853645017194,7.44462469342739,24.8083348519064
Pakistan,PAK,2005,12.2518417522088,7.2765744364722,0.000827619861189926,145208.562960767,17.6266523028659,9.06332737030417,29.8784940550747
Pakistan,PAK,2006,12.5489466265472,6.05163767569996,0.000900873564984808,161871.38550635998,20.5007727406812,7.92108440058789,33.0497193672284
Pakistan,PAK,2007,11.6250765592664,4.4448143398844,0.0009980901141975241,184140.86999746,19.1628048720082,7.59868441050774,30.7878814312746
Pakistan,PAK,2008,11.87581528062,2.1204410433083,0.0010670432456528398,202203.748583854,22.4731455329041,20.2861210929554,34.3489608135242
Pakistan,PAK,2009,12.3909882054304,3.47255059567348,0.000963788066395225,187337.783856466,20.9358990809684,13.6477650639761,33.3268872863988
Pakistan,PAK,2010,12.6372245592948,1.50171752152883,0.000987304571124485,196709.621849586,19.3517774869368,12.9388705634889,31.9890020462315
Pakistan,PAK,2011,13.4825548617217,2.68011685421705,0.0011317351383432399,230586.581059665,18.8800834134221,11.9160927116277,32.3626382751438
Pakistan,PAK,2012,11.8739641473238,3.02758391088629,0.00120436475491585,250106.966104704,19.4450091286838,9.68235186055684,31.3189732760076
Pakistan,PAK,2013,12.1774992040696,4.36686504978387,0.0012254340119198,258657.231672412,18.7127751361147,7.69215611899565,30.8902743401844
Pakistan,PAK,2014,11.1949717426146,4.11642817161422,0.0012666134084995898,271390.474857632,18.2748539477852,7.18938402847028,29.4698256903998
Pakistan,PAK,2015,9.97457095124036,4.21794209572506,0.00138047020838317,299963.590534773,16.7136150659843,2.52932817254229,26.6881860172247
Pakistan,PAK,2016,8.73671639116568,6.57383828511043,0.00142469161195897,313630.000130435,15.9648616568916,3.7651191635658,24.7015780480573
Pakistan,PAK,2017,8.22161134395559,4.43262590683975,0.00151923459514248,339205.53486109996,17.2504236583884,4.08537368032608,25.472035002344
Pakistan,PAK,2018,8.58179960556073,6.15170261099519,0.00156933814626355,356128.166704921,19.044257474073,5.07805725868917,27.6260570796337
Pakistan,PAK,2019,9.3908635386027,2.49763692943365,0.00139041690981745,320909.47277066903,19.5147134481005,10.5783618004555,28.9055769867032
Pakistan,PAK,2020,9.29855944234725,0.0,0.0012783973520689598,300425.609817981,17.4177212905341,9.73999313898155,26.7162807328814
Pakistan,PAK,2021,9.05159988878188,6.51388575852702,0.00145531922370186,348516.64744514803,17.9788205237729,9.49621056124947,27.0304204125548
Pakistan,PAK,2022,10.5405902721041,4.7781068690358,0.0015383228133171,374890.29566669394,22.4907632059279,19.8738599646655,33.031353478032
Pakistan,PAK,2023,10.4807667523804,0.0,0.00136516927410976,337885.531778052,18.1218106456853,30.7681280657005,28.6025773980658
Pakistan,PAK,2024,10.4027532753085,3.23478443210148,0.00148474985864775,373071.855731539,17.0753332078781,12.6325318530452,27.4780864831866
Portugal,PRT,2000,28.2046205938904,3.81617712035907,0.011526372066796799,118605.192877388,39.2483773924343,2.85303039287157,67.4529979863247
Portugal,PRT,2001,27.4373261135265,1.94367212411221,0.011734764974395401,121604.107164997,37.6546290635856,4.36990330551793,65.0919551771122
Portugal,PRT,2002,27.0733622325977,0.770924777292066,0.012936692820448199,134795.565549419,35.2348971843795,3.60034658290914,62.3082594169772
Portugal,PRT,2003,27.3671918978917,0.0,0.0157977821340276,165226.175536793,33.7717555904736,3.21899090682895,61.1389474883653
Portugal,PRT,2004,27.6670515552519,1.7887355199795,0.018064158093298702,189382.122532169,35.5375421117759,2.36536204097302,63.2045936670279
Portugal,PRT,2005,27.0841675459537,0.781847565175809,0.01878012751241,197253.876704921,35.8603370144983,2.27716394887834,62.944504560452
Portugal,PRT,2006,30.3574044411002,1.62503532141992,0.019839454049903203,208756.449275848,38.1896486771007,3.1076654587105,68.5470531182009
Portugal,PRT,2007,31.1941845713373,2.50657936515483,0.0228110564844365,240496.14731738102,38.7519330104618,2.45396528138743,69.9461175817991
Portugal,PRT,2008,31.2610790783868,0.31924734289916,0.0249490413566739,263416.394624084,40.8146638437736,2.58850657657959,72.0757429221604
Portugal,PRT,2009,27.2937427180784,0.0,0.0231512154130712,244667.762835543,34.1989508086976,0.0,61.4926935267759
Portugal,PRT,2010,30.0275851235273,1.73762452780146,0.022551935098809,238443.86499321702,37.6616550692709,1.40257289895369,67.6892401927983
Portugal,PRT,2011,34.4115130933228,0.0,0.0232465425416481,245426.76767600203,38.5960625767303,3.65301100430724,73.0075756700531
Portugal,PRT,2012,37.7235057219779,0.0,0.0205934274224109,216536.676771973,38.2176009968034,2.77333854051586,75.9411067187813
Portugal,PRT,2013,39.5639503324812,0.0,0.0216764859642714,226677.408291745,38.466555354947,0.274416666666663,78.0305056874282
Portugal,PRT,2014,40.1850905816292,0.741391416844507,0.022120685012710698,230078.616299675,40.0355784904498,0.0,80.220669072079
Portugal,PRT,2015,40.6876664090066,1.58979802880627,0.0192157813014347,199038.523119639,39.9470092176377,0.48793862390472,80.6346756266443
Portugal,PRT,2016,40.3550889260564,2.00414128646489,0.0199802808866516,206305.431241638,39.1672575583436,0.607397074641719,79.5223464844001
Portugal,PRT,2017,42.9426786480198,3.31472056420827,0.0214423842768879,220862.990767229,41.8651136589341,1.36861411643472,84.8077923069539
Portugal,PRT,2018,43.677580570852,2.946282440074,0.0235411401075289,242092.894542888,43.0581149209879,0.993715683468326,86.7356954918399
Portugal,PRT,2019,43.6531259432991,2.74568479564236,0.0233433628970034,240115.97006301902,43.1178629650595,0.338178410046034,86.7709889083586
Portugal,PRT,2020,37.2560151344529,0.0,0.0222994044062173,229618.77342257698,39.2526255864686,0.0,76.5086407209215
Portugal,PRT,2021,41.5484271843512,5.55875771556673,0.0247114510062111,256055.879091139,44.3251180305463,1.26565719069044,85.8735452148975
Portugal,PRT,2022,49.4816821962014,6.9858417811997,0.024620519556874998,256898.675068927,51.882465114233,7.83269124233323,101.364147310434
Portugal,PRT,2023,47.5064420603708,2.61312854351023,0.0273862920595024,289696.962620235,46.3573486359866,4.31128191898672,93.8637906963574
Portugal,PRT,2024,46.4796504104344,1.92844406043977,0.028844497924679902,308683.31739268,44.6613808674232,2.41613187791884,91.1410312778576
Russian Federation,RUS,2000,44.0604413055146,10.0000668136515,0.00177159411621094,259710.142196943,24.0334657318409,20.7987606558704,68.0939070373555
Russian Federation,RUS,2001,36.8934935960337,5.10005122572568,0.0021003525390625,306602.0706205,24.2173650683869,21.4770072117159,61.1108586644206
Russian Federation,RUS,2002,35.2125940630626,4.69999190914258,0.00237752954101563,345470.49441786297,24.432851668898,15.7887307914463,59.6454457319607
Russian Federation,RUS,2003,35.2499817757806,7.29995234528189,0.002975123046875,430347.42018488504,23.8782872318208,13.6632930228666,59.1282690076014
Russian Federation,RUS,2004,34.4178910554597,7.19994786954857,0.00410236474609375,591016.690732385,22.1639613429458,10.8886157326216,56.5818523984055
Russian Federation,RUS,2005,35.2030659651181,6.39996544799469,0.005323455078125,764015.97348111,21.5101825254241,12.6853039507349,56.7132484905422
Russian Federation,RUS,2006,33.7304754439762,8.20006825456321,0.00692019970703125,989932.071352543,21.0029264232898,9.66865454789265,54.733401867266
Russian Federation,RUS,2007,30.164060484537,8.49997776916511,0.0091012392578125,1299703.47848165,21.5420622609236,9.00729868861079,51.7061227454606
Russian Federation,RUS,2008,31.3095603335689,5.19996926404957,0.0116352841796875,1660848.05830311,22.072905707322,14.1107677840442,53.3824660408908
Russian Federation,RUS,2009,27.9381012041521,0.0,0.00856282421875,1222645.9000557,20.496959823666,11.6473295764118,48.4350610278181
Russian Federation,RUS,2010,29.2155607849758,4.49999999920672,0.010674990234375,1524916.7152239499,21.1399447022831,6.84939230255025,50.3555054872589
Russian Federation,RUS,2011,28.0553614798549,4.30002918567749,0.01430533203125,2045922.75339804,19.9800379279369,8.4404648593257,48.0353994077919
Russian Federation,RUS,2012,26.9073203393663,4.02408615746921,0.0154018515625,2208293.55387842,20.2440700464294,5.07474300799149,47.1513903857957
Russian Federation,RUS,2013,25.845336826255,1.75542214874298,0.0159414482421875,2292470.0783462203,20.441812574244,6.75371026220942,46.287149400499
Russian Federation,RUS,2014,27.1110970517525,0.736267221765672,0.01405547265625,2059241.58989501,20.6902442110591,7.82341183865513,47.8013412628116
Russian Federation,RUS,2015,28.703389442924,0.0,0.0092777138671875,1363482.18219771,20.6559598687647,15.5344050528403,49.3593493116887
Russian Federation,RUS,2016,25.8544829769167,0.193690071260534,0.008663158203125,1276786.35088114,20.6636368626929,7.04244762954799,46.5181198396096
Russian Federation,RUS,2017,26.0908809797568,1.82579006401834,0.0106589130859375,1574199.360089,20.7856433573743,3.68332944412233,46.8765243371311
Russian Federation,RUS,2018,30.7932568020743,2.80724541059601,0.0112118876953125,1657328.77346131,20.7876435683221,2.87829723647884,51.5809003703964
Russian Federation,RUS,2019,28.4334306799759,2.19807571335009,0.011447701171875,1693115.00270832,20.7953229819275,4.47036660760173,49.2287536619033
Russian Federation,RUS,2020,25.5221855113549,0.0,0.0101083271484375,1493075.89436214,20.4447226915578,3.38165937237898,45.9669082029127
Russian Federation,RUS,2021,30.0024195364041,5.86649177292595,0.012425029296875,1829186.7195751,20.5837759257711,6.69445891957612,50.5861954621752
Russian Federation,RUS,2022,27.7203033526803,0.0,0.0156196142578125,2291612.1213346403,15.0624830768008,6.69445891957612,42.7827864294811
Russian Federation,RUS,2023,22.4927119538767,4.08252481259281,0.0141593876953125,2071505.72503058,18.3416144566506,6.69445891957612,40.8343264105273
Russian Federation,RUS,2024,21.91660028345,4.34437475491529,0.0148890185546875,2173835.80667166,17.5915644825897,,39.5081647660396
Saudi Arabia,SAU,2000,43.4052690306903,4.71813422138024,0.011714562367515901,189514.933333333,24.7611797698264,0.0,68.1664488005167
Saudi Arabia,SAU,2001,39.633694222871,0.344593196175438,0.010805311325122,184137.6,23.9268894565803,0.0,63.5605836794513
Saudi Arabia,SAU,2002,40.94880327191,0.0,0.0105860543471363,189605.866666667,23.6439941380154,0.247189309008562,64.5927974099254
Saudi Arabia,SAU,2003,45.8541491871159,8.76873381743964,0.011487220410693,215807.73333333302,23.977021521626,0.612194122665997,69.831170708742
Saudi Arabia,SAU,2004,50.9853310838178,8.63100545880309,0.0131544978989446,258742.133333333,24.0975055731163,0.515509265673335,75.0828366569341
Saudi Arabia,SAU,2005,57.050742989557,5.94489623934835,0.0159757473782258,328459.608764111,24.9033329514589,0.479229463955298,81.9540759410158
Saudi Arabia,SAU,2006,59.8319082445442,3.31348473625901,0.0175636145370639,376900.13351134805,30.1126964323542,2.20902350206394,89.9446046768984
Saudi Arabia,SAU,2007,59.9374401392842,2.21365396372528,0.0185961502627898,415964.509673115,34.9258769574815,4.16782716547869,94.8633170967657
Saudi Arabia,SAU,2008,62.1115020331022,6.2379875365458,0.0223204888964331,519796.8,33.9911288411164,9.87024418404627,96.1026308742185
Saudi Arabia,SAU,2009,47.0886206534391,0.0,0.0177183911648365,429097.866666667,37.7697209090451,5.05722336873033,84.8583415624843
Saudi Arabia,SAU,2010,49.5697145263124,5.0395150823517,0.022028390142658602,528207.466666667,32.9799704964413,5.33941623014106,82.5496850227537
Saudi Arabia,SAU,2011,55.2733461365779,11.7588568052005,0.027126749874770203,680660.8,29.0860881073216,5.82621886161561,84.3594342438995
Saudi Arabia,SAU,2012,53.1198476436365,5.76150732412802,0.0287334375513452,751921.333333333,28.6208309025235,2.86626976609007,81.74067854616
Saudi Arabia,SAU,2013,50.3725164415794,2.94569990701297,0.027865465604962,769755.733333333,29.8789849870989,3.52995515752939,80.2515014286783
Saudi Arabia,SAU,2014,45.0958458227862,4.02464070584527,0.0278054850319422,787153.066666667,32.9042652949498,2.23916590559671,78.000111117736
Saudi Arabia,SAU,2015,31.4401316153804,4.65512316652699,0.0232561549553531,693414.4,35.6651376146789,1.2046938850457,67.1052692300592
Saudi Arabia,SAU,2016,29.1430897114591,1.70407465765956,0.022267721705038702,689279.466666667,28.7785737995774,2.06740778344408,57.9216635110364
Saudi Arabia,SAU,2017,32.3625378991189,1.18207993308526,0.0239292907135982,741266.133333333,27.169441258704,0.0,59.5319791578229
Saudi Arabia,SAU,2018,35.5209831625769,3.2269508901591,0.029360065896856597,886564.8,23.5819273071372,2.45719835917883,59.1029104697141
Saudi Arabia,SAU,2019,32.159204977113,1.65156358885577,0.029566793382743598,888890.133333333,24.6346155115383,0.0,56.7938204886513
Saudi Arabia,SAU,2020,23.8098115262185,0.0,0.0243388307301067,767951.2,23.7233476988295,3.44546706433569,47.533159225048
Saudi Arabia,SAU,2021,29.1556614026837,6.51959698325419,0.0319207653655643,982661.066666667,21.728264937195,3.06328988941552,50.8839263398787
Saudi Arabia,SAU,2022,35.9850098955522,12.0005874752929,0.038510227621103704,1239075.2,20.839154879381,2.47407371925369,56.8241647749332
Saudi Arabia,SAU,2023,30.2425196271434,0.542592439393161,0.036156848337701,1218584.5333333302,23.9264922012249,2.32708518362696,54.1690118283683
Saudi Arabia,SAU,2024,29.1640961338684,1.80795515147298,0.0350572252306969,1237529.86666667,25.6403885848304,1.68792112375812,54.8044847186988
Spain,ESP,2000,28.5889225704133,5.20064125553942,0.0147432671031455,598102.85475608,31.5327015345083,3.43351563418767,60.1216241049216
Spain,ESP,2001,27.8768485415674,3.91908880808811,0.015368233798443499,627798.682378741,30.1370410210027,3.58983413338112,58.0138895625701
Spain,ESP,2002,26.5642672698948,2.75545611564098,0.0171110685058941,708938.227243923,28.5378742610811,3.06565685902219,55.1021415309759
Spain,ESP,2003,25.6155917093049,2.9392895953076,0.0215220170990262,907963.217057645,27.8201980109209,3.03888839396655,53.4357897202258
Spain,ESP,2004,25.3882582473993,3.1145314799161,0.024925026784457602,1069829.38251467,29.0912600182081,3.03924881090925,54.4795182656074
Spain,ESP,2005,24.940578932511,3.5512255846125,0.0264509530130382,1154667.55177588,29.7585877718662,3.36881409750383,54.6991667043772
Spain,ESP,2006,25.183486968843,4.04343515605099,0.028421686527407,1261846.68327529,30.9004394134785,3.51557576832128,56.0839263823216
Spain,ESP,2007,25.9230971257706,3.53350013165972,0.032652015594702,1476746.27685451,31.703851639984,2.78679745804946,57.6269487657546
Spain,ESP,2008,25.5478087649402,0.767165748290694,0.035603248328071,1636115.4476125,30.280322752312,4.07534335957339,55.8281315172523
Spain,ESP,2009,22.9853959496361,0.0,0.032279820847615104,1496587.5908476599,23.8512940474748,0.0,46.8366899971109
Spain,ESP,2010,25.8278133398939,0.0941223116369514,0.0306587422282912,1427989.0789166698,26.865556633508,1.79986457728769,52.6933699734019
Spain,ESP,2011,29.3884101095734,0.0,0.0318246219134777,1487568.65924125,29.1234127763898,3.1961018883379,58.5118228859632
Spain,ESP,2012,31.2997362842724,0.0,0.0284564438151477,1330994.81167031,29.2542984119139,2.44612782366809,60.5540346961864
Spain,ESP,2013,32.7554570166099,0.0,0.029228846559842002,1362186.9231576498,28.9133156275228,1.40858109183019,61.6687726441327
Spain,ESP,2014,33.2193399291014,1.52048593647231,0.029707765509467,1380244.56136196,30.1799222098486,0.0,63.39926213895
Spain,ESP,2015,33.2986849561039,4.06086672473866,0.0259824416197775,1206164.7775531202,30.2833562687193,0.0,63.5820412248232
Spain,ESP,2016,33.5770329849408,2.91515598595787,0.026755606114939802,1243015.66791712,29.6116448657886,0.0,63.1886778507294
Spain,ESP,2017,34.9003952055684,2.89604207865007,0.028381342559690603,1321754.08881883,31.2670509322886,1.95607633363963,66.167446137857
Spain,ESP,2018,34.874813986254,2.39541124478878,0.030602421288111303,1431642.8093270601,32.1345964120382,1.6749813686379,67.0094103982921
Spain,ESP,2019,34.6755629292261,1.96117850841711,0.0297865245689007,1403496.38768627,31.6906621148431,0.699518994458739,66.3662250440692
Spain,ESP,2020,30.4810248544563,0.0,0.027233942646160803,1289783.8369712099,28.9651031602513,0.0,59.4461280147076
Spain,ESP,2021,33.7570843255301,6.68314420473001,0.0307994775937775,1461244.90185269,32.7675046176609,3.0931351197642,66.524588943191
Spain,ESP,2022,39.7551303881907,6.17931219966114,0.0302702687017458,1446498.14774903,38.8724320759099,8.39057634118627,78.6275624641006
Spain,ESP,2023,38.0592582111746,2.6756634629066,0.0335090127982139,1620090.7349568899,34.1324706805738,3.53236133492433,72.1917288917484
Spain,ESP,2024,37.2927827939586,3.15019564517223,0.035297009499556505,1722745.9783351598,33.0122572688199,2.77417826534772,70.3050400627785
Sri Lanka,LKA,2000,39.015700886425,6.00003315828934,0.000846460813304966,16330.8141799766,49.620740818488,6.17627591012045,88.636441704913
Sri Lanka,LKA,2001,37.3311884768914,0.0,0.0008035440266273851,15749.7538048344,43.5674130558662,14.15845579912,80.8986015327576
Sri Lanka,LKA,2002,34.9133301978336,3.96467568513113,0.000834936014905338,16536.5356470834,41.4218015848181,9.55103167007251,76.3351317826517
Sri Lanka,LKA,2003,34.6535028324228,5.9402690780223,0.0009463822551280719,18881.7654372151,40.6827444981201,6.31463787051174,75.336247330543
Sri Lanka,LKA,2004,35.3309027324412,5.44506127885352,0.00102862068132555,20662.5259412985,44.1520421686776,7.57592582995856,79.4829449011187
Sri Lanka,LKA,2005,32.3368729874893,6.24174804376447,0.0012072199476416499,24405.7910447761,41.267099970564,11.6396860971118,73.6039729580533
Sri Lanka,LKA,2006,30.1285270937972,7.66829190107919,0.0013895062558393599,28279.8024059138,41.1326513945037,10.0201836057035,71.2611784883009
Sri Lanka,LKA,2007,29.1149996870361,6.79682611892866,0.00157863451125392,32350.2387604239,39.491511973103,15.8421114924843,68.6065116601391
Sri Lanka,LKA,2008,24.8414870988205,5.95008814473897,0.00197358476901287,40713.8262150093,38.5275565094015,22.5644955300126,63.369043608222
Sri Lanka,LKA,2009,21.328366243783,3.53891205317842,0.00202665939950702,42066.2240930065,27.8207752870405,3.46496322106074,49.1491415308235
Sri Lanka,LKA,2010,21.089202506523417,8.01596737040464,0.0028083677923740804,58636.161081711994,27.688077237309766,6.2176488930462,48.77727974383318
Sri Lanka,LKA,2011,20.850038769263833,8.66948301160571,0.00322495736331928,67753.2840439282,27.555379187579035,6.7167684358854,48.40541795684287
Sri Lanka,LKA,2012,,8.63218138024038,0.00332777612404326,70447.21689133659,,7.54291373239437,
Sri Lanka,LKA,2013,,4.05174632926911,0.00374061589348326,77000.578167353,,6.90845034828452,
Sri Lanka,LKA,2014,,6.37797889289399,0.00397191913148166,82528.535713926,,3.1790022823606,
Sri Lanka,LKA,2015,19.8933838202255,4.20595547677647,0.0040577158346231,85090.30105204649,27.0245869886561,3.76836783062096,46.9179708088816
Sri Lanka,LKA,2016,19.8240360429518,5.05362488994436,0.0041491919077559294,88000.2111715956,26.6475009822669,3.9588884659307,46.4715370252187
Sri Lanka,LKA,2017,20.2242000361133,6.46068127065753,0.00439888828068715,94369.3502855814,26.9162097643511,7.70413767850602,47.1404098004644
Sri Lanka,LKA,2018,21.4462486146411,2.31008425545845,0.00435856095906047,94450.0159828405,28.363148137495,2.135037737132,49.8093967521361
Sri Lanka,LKA,2019,21.8235309247363,0.0,0.0040819477272200306,88998.7062965783,27.6019929607237,3.52839358231811,49.42552388546
Sri Lanka,LKA,2020,15.4576399173458,0.0,0.00384760137695639,84335.5745815072,21.6314789399461,6.15394508391738,37.089118857292
Sri Lanka,LKA,2021,16.9214215895555,4.2074764951157,0.00399696240014909,88556.69893770329,24.3074247396444,7.01478071238195,41.2288463291999
Sri Lanka,LKA,2022,21.5595624620967,0.0,0.00334263650253855,74143.02026280761,25.1230455575852,49.7211021114327,46.6826080196819
Sri Lanka,LKA,2023,20.689136230194,0.0,0.00379889016573011,83716.1425821945,22.8470940659011,16.5411742279832,43.5362302960951
Sri Lanka,LKA,2024,19.8863207168995,5.00871930957159,0.00451556787322732,98963.1855096499,22.5111801542053,0.0,42.3975008711047
Sweden,SWE,2000,43.2446165917328,4.63111600378974,0.0296327736101599,262905.19744166196,38.2269936358088,0.899143734041633,81.4716102275416
Sweden,SWE,2001,42.8987315948306,1.36076692513873,0.0272594806735435,242499.249692616,37.6699687280297,2.40595834145438,80.5687003228602
Sweden,SWE,2002,41.160909734463,2.27767113062968,0.029957938765261597,267373.345246531,35.9239944365937,2.15848213589264,77.0849041710567
Sweden,SWE,2003,40.3353343774744,1.88094411817545,0.0372924214343004,334074.05117297196,34.9924835910555,1.92565534892391,75.3278179685299
Sweden,SWE,2004,42.7181679823666,4.17953040762463,0.0427582015503417,384547.211147247,36.0173517400395,0.373659828721813,78.7355197224061
Sweden,SWE,2005,45.3308535530062,2.79317686019922,0.043378615211714905,391690.32931447495,38.8366669046691,0.453170852576182,84.1675204576753
Sweden,SWE,2006,47.5975729379243,4.67599870313569,0.046531600112057196,422530.427475536,40.7322629505433,1.3602146862768,88.3298358884675
Sweden,SWE,2007,47.7232469171846,3.22491132428186,0.053568564552321306,490050.156832574,41.8231837860049,2.21216883436735,89.5464307031896
Sweden,SWE,2008,49.0133079236968,0.0,0.055817439271072605,514616.52834883396,43.7945935141156,3.43704910602874,92.8079014378124
Sweden,SWE,2009,43.458344702151,0.0,0.0467078673215418,434313.80490736605,38.4995446957734,0.0,81.9578893979245
Sweden,SWE,2010,44.8762519600702,5.75073583944071,0.0525428274141037,492753.25588571804,40.2147975056391,1.15798802715628,85.0910494657093
Sweden,SWE,2011,45.4133584896493,3.16391049665788,0.0603797748160321,570541.353128724,40.9769665855564,2.9611507382214,86.3903250752058
Sweden,SWE,2012,44.8327995721319,0.0,0.057749825132866396,549742.1838743549,40.4648716395598,0.888377506923638,85.2976712116916
Sweden,SWE,2013,42.7354944580727,1.13771650768102,0.0608442767113975,584128.11641029,38.9043189029996,0.0,81.6398133610723
Sweden,SWE,2014,43.4579909644641,2.29576379216599,0.05958371400016731,577730.2451541619,40.3646558011829,0.0,83.822646765647
Sweden,SWE,2015,43.7085174083032,4.41014068702994,0.051197952934117504,501698.263620663,40.4486565234909,0.0,84.1571739317941
Sweden,SWE,2016,42.9104474221915,2.34974080709026,0.051820397248267605,514218.206628325,40.3533533269797,0.984269244577992,83.2638007491712
Sweden,SWE,2017,43.8942356892688,1.8251560179849,0.0533008587281785,536083.940228684,42.027014731043,1.79449904665589,85.9212504203118
Sweden,SWE,2018,45.8909449211588,1.90296457254834,0.0541819069780904,551312.498430164,44.2387507945047,1.95353530127028,90.1296957156635
Sweden,SWE,2019,48.2412138172619,2.54964787203104,0.0517730464558993,532169.29416594,44.2798696637669,1.78415097403835,92.5210834810288
Sweden,SWE,2020,44.2599429832196,0.0,0.0526537565934247,545147.614972141,40.0708387887778,0.497367318853572,84.3307817719974
Sweden,SWE,2021,47.2996459572001,5.93750858896414,0.0611749680215622,637186.904843636,42.9783402221752,2.16319736447153,90.2779861793753
Sweden,SWE,2022,53.8802781349213,1.45928849980044,0.0552969371472535,579895.717343956,51.974737140744,8.36929098869189,105.855015275665
Sweden,SWE,2023,55.3822247813677,0.0,0.0555670890080496,585489.968189064,51.3586535274542,8.54862489748902,106.740878308822
Sweden,SWE,2024,54.601308444525,0.973832212948594,0.057723234503153205,610117.791237089,50.2096858272109,2.83581658224034,104.810994271736
United Kingdom,GBR,2000,25.6598216491998,4.34163419265596,0.028280926786099,1665534.8766833101,26.8619089495181,1.18295624210408,52.521730598718
United Kingdom,GBR,2001,25.5471650372775,2.57278043964686,0.0279065695029641,1649827.26356701,27.2744484724749,1.53234960272418,52.8216135097523
United Kingdom,GBR,2002,24.5103610004373,1.79566074059649,0.030077741432188,1785729.91606715,26.8692732066014,1.52040245947455,51.3796342070387
United Kingdom,GBR,2003,24.0564905660977,3.15234651882265,0.0344426875402308,2054422.85714286,26.1830324858106,1.37650038542013,50.2395230519083
United Kingdom,GBR,2004,24.0722889197868,2.45790443810543,0.0403668886650968,2421525.0823874,26.3794223207123,1.39039756680422,50.4517112404991
United Kingdom,GBR,2005,25.2715104711424,2.73266076681189,0.0421047884375024,2543180.0,27.4092063694058,2.0891364902507,52.6807168405482
United Kingdom,GBR,2006,27.5121294423106,2.38069403532468,0.0445124590296865,2708441.58233671,29.4022980385017,2.4556616643929,56.9144274808123
United Kingdom,GBR,2007,25.5115603212923,2.62487995340285,0.0503976854954706,3090510.20408163,27.4527931157936,2.38656150773327,52.9643534370859
United Kingdom,GBR,2008,27.5059613453815,0.0,0.0473961202078484,2929411.76470588,29.1926455823293,3.52140856342539,56.6986069277108
United Kingdom,GBR,2009,26.881551031055,0.0,0.038744131693043,2412840.0062315,28.12283300254,1.96173173560109,55.004384033595
United Kingdom,GBR,2010,28.8567426749383,2.23331508815346,0.039598957119544996,2485482.59618471,30.4160322973505,2.49265472467065,59.2727749722888
United Kingdom,GBR,2011,31.3875940550587,1.13836239840663,0.042109641879574895,2663805.83482807,32.1778069157158,3.8561124468282,63.5654009707745
United Kingdom,GBR,2012,30.6185684317404,1.50899834668228,0.0424901465463521,2707089.72661464,31.6074143016779,2.5732347965453,62.2259827334183
United Kingdom,GBR,2013,30.2894247712844,1.79992149702836,0.0434190352598932,2784853.50253429,31.7096871437064,2.29166666666659,61.9991119149908
United Kingdom,GBR,2014,28.5762147291242,3.19463731938923,0.0474266209829995,3064708.24792143,30.518589390469,1.45112016293279,59.0948041195932
United Kingdom,GBR,2015,27.845950666101,2.22288842280334,0.044983885522933996,2927911.14091673,29.3575990202724,0.36804684232536,57.2035496863734
United Kingdom,GBR,2016,28.9023395233588,1.92171009934007,0.0409881044233026,2689106.5668996098,30.7980588910172,1.0084173681141,59.7003984143761
United Kingdom,GBR,2017,30.8903510330461,2.65650487566202,0.0406292340347345,2680148.0523353,32.2312989980226,2.55775577557747,63.1216500310687
United Kingdom,GBR,2018,31.5801113597336,1.40519025981538,0.0433154874501318,2871340.34758179,32.9625368906995,2.29283990345938,64.542648250433
United Kingdom,GBR,2019,31.63478028095,1.62447518038404,0.0427940022648288,2851407.1649078103,33.0303533562736,1.73810460086513,64.6651336372235
United Kingdom,GBR,2020,29.6697957580892,0.0,0.040404806223895105,2696778.3866076497,29.1113418392136,0.989486703772491,58.7811375973028
United Kingdom,GBR,2021,29.1802747877833,8.57595087393024,0.046926475736105,3143323.0507072597,29.4042618360024,2.51837109614213,58.5845366237858
United Kingdom,GBR,2022,33.5671944737788,4.83908517877134,0.0460629914079698,3114042.4711443903,35.3133356660075,7.92204883147902,68.8805301397863
United Kingdom,GBR,2023,31.9794112168664,0.39708234553963,0.0492008101526146,3369861.88897288,33.0529270411278,6.79396706793963,65.0323382579942
United Kingdom,GBR,2024,30.6377190511784,1.10066786639271,0.0526367865943853,3643834.1887829104,31.7697823457053,3.2715729463592,62.4075013968837
United States,USA,2000,10.6927727297913,4.07758576006954,0.0363299702595751,10250952.0,14.4102128270623,3.37685727149929,25.1029855568536
United States,USA,2001,9.70344820873397,0.95553834188668,0.0371336203973517,10581929.0,13.2637348067635,2.82617111885407,22.9671830154975
United States,USA,2002,9.13138565379718,1.7004473278454,0.0379977424300242,10929108.0,13.1549985598093,1.58603162650601,22.2863842136065
United States,USA,2003,9.03565240541354,2.79560596521233,0.0394903023903176,11456450.0,13.5916448812678,2.27009497336115,22.6272972866813
United States,USA,2004,9.62874787307988,3.84777169424153,0.0417246411982614,12217196.0,14.8193087841105,2.67723669309172,24.4480566571904
United States,USA,2005,9.98205641037558,3.48354993544559,0.044123399647002605,13039197.0,15.6565009333013,3.3927468454955,25.6385573436769
United States,USA,2006,10.641389509223,2.78453963817891,0.046301987648551896,13815583.0,16.3338962966673,3.22594410070404,26.9752858058903
United States,USA,2007,11.4637892950146,2.00385829909158,0.048050227412195,14474228.0,16.5482262680953,2.85267248150138,28.0120155631098
United States,USA,2008,12.4258439246081,0.113587248160997,0.0485700594269601,14769862.0,17.441943601098,3.839100296651,29.8677875257061
United States,USA,2009,10.9322190593537,0.0,0.047194950089387205,14478067.0,13.8273085764833,0.0,24.759527635837
United States,USA,2010,12.3413554322086,2.69519258234851,0.0486426312088213,15048971.0,15.878527508625,1.6400434423899,28.2198829408336
United States,USA,2011,13.5634637825829,1.56440685537306,0.0500248812320773,15599732.0,17.2790147933311,3.156841568622,30.842478575914
United States,USA,2012,13.6440512687054,2.289113386319,0.0517083940614082,16253970.0,17.0377883064876,2.06933726526067,30.681839575193
United States,USA,2013,13.5534918818154,2.11783009786468,0.053297386290159496,16880683.0,16.3878144030073,1.46483265562717,29.9413062848227
United States,USA,2014,13.5082142132235,2.52381981372621,0.0551533940182967,17608138.0,16.3983551242045,1.62222297740817,29.906569337428
United States,USA,2015,12.4111486301271,2.94555045599772,0.05684946979231589,18295019.0,15.2770653039497,0.118627135552451,27.6882139340768
United States,USA,2016,11.8881592273253,1.81945147620522,0.057976628204291,18804913.0,14.5644385592212,1.26158320570536,26.4525977865465
United States,USA,2017,12.177481026766,2.45762230175086,0.060047719072830706,19612102.0,14.9478571955214,2.13011000365961,27.1253382222874
United States,USA,2018,12.2871107596266,2.96650506916596,0.06287566613827279,20656516.0,15.1582483706352,2.44258329692817,27.4453591302618
United States,USA,2019,11.7891974097286,2.58382533018889,0.0652279565911038,21539982.0,14.4692832148142,1.81221007526021,26.2584806245428
United States,USA,2020,10.0736556273372,0.0,0.0644015074354212,21354105.0,13.0061222420701,1.23358439630629,23.0797778694073
United States,USA,2021,10.7909781995156,6.05505293304556,0.07130740172772179,23681171.0,14.422677831261,4.69785886363742,25.2136560307765
United States,USA,2022,11.6022279170372,2.5123753198332,0.07786091129088481,26006893.0,15.2894619130397,8.00279982052121,26.891689830077
United States,USA,2023,11.0115112856601,2.88755600905984,0.0823046204272866,27720709.0,13.8878518583345,4.11633838374488,24.8993631439946
United States,USA,2024,10.8968750610333,2.79619035621393,0.08580990038463561,29184890.0,13.9911166360401,2.94952520485207,24.8879916970734
