Country,Year,Current_account_balance_pct_of_GDP,External_debt_stocks_pct_of_GNI,Foreign_direct_investment_net_inflows_pct_of_GDP
Afghanistan,2000.0,-2.35799044700136,13.7928583731895,0.0048276006173403
Afghanistan,2001.0,-2.35799044700136,13.7928583731895,0.0241685679088889
Afghanistan,2002.0,-2.35799044700136,13.7928583731895,1.30694987042884
Afghanistan,2003.0,-2.35799044700136,13.7928583731895,1.27849325196424
Afghanistan,2004.0,-2.35799044700136,13.7928583731895,3.577104200584
Afghanistan,2005.0,-2.35799044700136,13.7928583731895,4.36867310434287
Afghanistan,2006.0,-2.35799044700136,13.7928583731895,3.41377297323201
Afghanistan,2007.0,-2.35799044700136,20.4806758495246,1.93570171391636
Afghanistan,2008.0,-2.35799044700136,21.2121323521857,0.45536044478174
Afghanistan,2009.0,2.23601941932175,20.0367248536922,0.45188914562189
Afghanistan,2010.0,-3.64331388234628,15.3334973971382,1.20311798981139
Afghanistan,2011.0,-12.6195382087159,13.9770517017747,0.293025179616803
Afghanistan,2012.0,-25.8706814974751,12.9281604362278,0.285440893554571
Afghanistan,2013.0,-25.290058564309,12.8048363659593,0.239801184405551
Afghanistan,2014.0,-15.7724198274304,12.3049882693651,0.209664794672203
Afghanistan,2015.0,-21.9126573355151,13.4908301094464,0.88400046336123
Afghanistan,2016.0,-14.9501951919169,14.1470450360055,0.516606084523093
Afghanistan,2017.0,-18.9559612272258,14.5133427404056,0.274796791572807
Afghanistan,2018.0,-21.5852741164653,14.6424246657516,0.661572217787196
Afghanistan,2019.0,-20.1704643881064,13.9496520351375,0.124495985291258
Afghanistan,2020.0,-15.7183027911684,15.1208585304773,0.0649939571808755
Afghanistan,2021.0,-15.7183027911684,24.7857399527695,0.144466946606861
Afghanistan,2022.0,-15.7183027911684,23.3368489769108,0.144466946606861
Afghanistan,2023.0,-15.7183027911684,19.7980988255309,0.144466946606861
Argentina,2000.0,-3.15992237703676,54.2417099417586,3.66579059535379
Argentina,2001.0,-1.40694788500181,58.4932935172091,0.806164134759348
Argentina,2002.0,8.97078467784247,159.890183546743,2.19895819502207
Argentina,2003.0,6.37990680177011,133.474955613907,1.29481086883944
Argentina,2004.0,1.95058324319273,114.783966038451,2.5050175164097
Argentina,2005.0,2.65363142179073,74.2469415660219,2.64935441452167
Argentina,2006.0,2.79449564264943,52.8779757006235,2.38106854489628
Argentina,2007.0,2.1036160391819,43.1501917496034,2.25129423568361
Argentina,2008.0,1.49940141614234,36.7970755463574,2.68990096507093
Argentina,2009.0,2.1785669619099,41.4244681423918,1.20643922647566
Argentina,2010.0,-0.383118699737133,30.9493567310993,2.67516171886537
Argentina,2011.0,-1.00728084144866,27.7443463568229,2.04465997872008
Argentina,2012.0,-0.39159512386959,26.2398392717053,2.80667189982932
Argentina,2013.0,-2.37749566620574,27.809883508059,1.77920553648531
Argentina,2014.0,-1.74400211981355,30.3338678915012,0.962406650325519
Argentina,2015.0,-2.96292666513534,32.2082949986265,1.97713461784426
Argentina,2016.0,-2.70922168361454,35.1613251074643,0.584748941173009
Argentina,2017.0,-4.83995921807391,37.7365221801036,1.78936504083807
Argentina,2018.0,-5.16055257152295,58.6307152401281,2.23253157689253
Argentina,2019.0,-0.779998447561848,69.5902998339522,1.48500687570697
Argentina,2020.0,0.696935361136031,73.3926445591354,1.26616924308721
Argentina,2021.0,1.36154422203441,55.9476971135758,1.36838083162438
Argentina,2022.0,-0.640820188045601,42.9676924073569,2.402155349277
Argentina,2023.0,-3.24351254822954,42.0664911888795,3.69401868015696
Argentina,2024.0,0.992524625340439,42.0664911888795,1.80507987944047
Australia,2000.0,-3.72140115832283,19.4905310721105,3.57859921888914
Australia,2001.0,-2.1038782912626,19.4905310721105,2.82305214676613
Australia,2002.0,-4.04312576822906,19.4905310721105,3.70306730541189
Australia,2003.0,-6.26582917008026,19.4905310721105,1.92099536209977
Australia,2004.0,-6.71703905379547,19.4905310721105,6.98071685334312
Australia,2005.0,-6.23018337430444,19.4905310721105,-3.60692792508377
Australia,2006.0,-6.18497324085113,19.4905310721105,4.08209296205439
Australia,2007.0,-7.56503658273096,19.4905310721105,5.19771793687634
Australia,2008.0,-4.88206185813593,19.4905310721105,4.2770159784301
Australia,2009.0,-5.23144486271866,19.4905310721105,3.11521892910031
Australia,2010.0,-4.00506862277956,19.4905310721105,3.0948394339821
Australia,2011.0,-3.26400930085158,19.4905310721105,4.68881515477357
Australia,2012.0,-4.44404469042498,19.4905310721105,3.72019933653419
Australia,2013.0,-3.25799888383102,19.4905310721105,3.45392766613526
Australia,2014.0,-3.09266163288854,19.4905310721105,4.3047066438758
Australia,2015.0,-4.31257611103591,19.4905310721105,3.47020901785018
Australia,2016.0,-3.61631218807461,19.4905310721105,3.56056595221134
Australia,2017.0,-3.00161155039194,19.4905310721105,3.63608951454838
Australia,2018.0,-2.56116066582786,19.4905310721105,4.25033304779982
Australia,2019.0,-0.0207105142276052,19.4905310721105,2.78196787472132
Australia,2020.0,1.87433748291951,19.4905310721105,1.35325605506287
Australia,2021.0,2.61066078948374,19.4905310721105,2.0246819461122
Australia,2022.0,0.337521409077969,19.4905310721105,4.16149504206489
Australia,2023.0,-0.300085449771847,19.4905310721105,1.87959171930092
Australia,2024.0,-1.96335074906626,19.4905310721105,3.15202919801842
Bangladesh,2000.0,-0.57304266329964,28.312285791779,0.525362089236089
Bangladesh,2001.0,-0.991687231894649,26.9258696430478,0.145443904569924
Bangladesh,2002.0,1.35086830489484,29.3237754107195,0.0955793676464671
Bangladesh,2003.0,0.218816448007947,29.4649511156153,0.445960783298092
Bangladesh,2004.0,-0.428022753319865,29.0231053050116,0.689472335587341
Bangladesh,2005.0,-0.250074173604547,25.5020847255283,1.17065167448603
Bangladesh,2006.0,1.66592495150091,26.5815575749539,0.635863899506714
Bangladesh,2007.0,1.07621521358966,25.4056316582734,0.817756922700044
Bangladesh,2008.0,1.01071124669571,23.6567567728032,1.44965791615761
Bangladesh,2009.0,3.47023264645131,22.9455982553559,0.879517142536145
Bangladesh,2010.0,1.82909794723498,21.3233746649766,1.06896766308322
Bangladesh,2011.0,-0.125842241657654,19.4870042621521,0.983399364184761
Bangladesh,2012.0,1.93195276968292,20.1641903015642,1.18850391920184
Bangladesh,2013.0,1.3723251518825,20.0259278722599,1.73532012481503
Bangladesh,2014.0,0.437159797644511,19.1269964203113,1.46870305074204
Bangladesh,2015.0,1.32188871858147,18.6247057162,1.45078245529361
Bangladesh,2016.0,0.351171861174517,14.9717904789002,0.879528340272002
Bangladesh,2017.0,-2.03756600416726,16.8057450414319,0.616341784631384
Bangladesh,2018.0,-2.20783912081882,17.0924802738604,0.753549134128693
Bangladesh,2019.0,-0.839485005371136,17.0856511809436,0.543244141585066
Bangladesh,2020.0,0.318940441964321,18.8853836099419,0.407859894856918
Bangladesh,2021.0,-3.78969259910935,20.8766117836117,0.414118154040596
Bangladesh,2022.0,-3.13772027380244,20.281806187216,0.355308723397179
Bangladesh,2023.0,1.00306769537462,22.3023475622467,0.316668220633918
Bangladesh,2024.0,0.415542395803935,22.3023475622467,0.33465029131309
Belgium,2000.0,4.49803373016796,19.4905310721105,37.4753122979087
Belgium,2001.0,4.49803373016796,19.4905310721105,37.2564694834172
Belgium,2002.0,4.49803373016796,19.4905310721105,7.01242443993657
Belgium,2003.0,3.39723910068488,19.4905310721105,10.8648744877519
Belgium,2004.0,3.09695508992498,19.4905310721105,12.0521106747569
Belgium,2005.0,1.99655304871952,19.4905310721105,8.72717720186463
Belgium,2006.0,1.85028932301471,19.4905310721105,14.4078713936676
Belgium,2007.0,1.49569237465597,19.4905310721105,20.5026740062328
Belgium,2008.0,-0.831236474764241,19.4905310721105,36.8029204549977
Belgium,2009.0,1.80970941708578,19.4905310721105,15.948905674901
Belgium,2010.0,1.52379368667185,19.4905310721105,26.0596407490289
Belgium,2011.0,-1.9288774755617,19.4905310721105,31.03668843113
Belgium,2012.0,-0.0829864949097406,19.4905310721105,2.36956900950956
Belgium,2013.0,0.969084734716925,19.4905310721105,-5.65561784857252
Belgium,2014.0,0.751219410488651,19.4905310721105,-2.82643623555084
Belgium,2015.0,1.38017908454948,19.4905310721105,-4.23261410354123
Belgium,2016.0,0.558076934849912,19.4905310721105,12.1319420227113
Belgium,2017.0,0.702363722625537,19.4905310721105,-7.44423790176632
Belgium,2018.0,-0.874098516086553,19.4905310721105,-7.66649538713467
Belgium,2019.0,0.123098549898876,19.4905310721105,-1.97252997818916
Belgium,2020.0,0.874586400402744,19.4905310721105,-5.74235227142936
Belgium,2021.0,1.86547183949262,19.4905310721105,5.90579710551218
Belgium,2022.0,-1.18441103993682,19.4905310721105,2.00046456440556
Belgium,2023.0,-0.698532214136678,19.4905310721105,-0.430636340673633
Belgium,2024.0,-0.854540573985078,19.4905310721105,-5.35222375929353
Canada,2000.0,2.48322832733607,19.4905310721105,9.17102428671511
Canada,2001.0,2.13236979231819,19.4905310721105,3.84192129292478
Canada,2002.0,1.64503032397306,19.4905310721105,3.21914767807145
Canada,2003.0,1.16498813828327,19.4905310721105,0.782967555453216
Canada,2004.0,2.26315076447856,19.4905310721105,0.141465896048034
Canada,2005.0,1.86965618692433,19.4905310721105,2.17816380917594
Canada,2006.0,1.36365624553912,19.4905310721105,4.87410128955105
Canada,2007.0,0.752359497275173,19.4905310721105,8.20055904886214
Canada,2008.0,0.204634001322009,19.4905310721105,4.5151371416977
Canada,2009.0,-2.96628242314574,19.4905310721105,1.52413118076926
Canada,2010.0,-3.59618567149688,19.4905310721105,1.83725638740881
Canada,2011.0,-2.77400602599856,19.4905310721105,2.13783310760835
Canada,2012.0,-3.53224767688727,19.4905310721105,2.70016900895675
Canada,2013.0,-3.14687545091254,19.4905310721105,3.62980398357006
Canada,2014.0,-2.31892137730875,19.4905310721105,3.55390337011002
Canada,2015.0,-3.51398716666025,19.4905310721105,3.85389453706153
Canada,2016.0,-3.093111446907,19.4905310721105,2.23835012140903
Canada,2017.0,-2.8034274767599,19.4905310721105,1.53752071953934
Canada,2018.0,-2.38507161087906,19.4905310721105,2.46931207254863
Canada,2019.0,-1.9517027481858,19.4905310721105,2.80676687017653
Canada,2020.0,-2.01049352658992,19.4905310721105,1.75897085668576
Canada,2021.0,-0.0219632282728957,19.4905310721105,2.97618288160973
Canada,2022.0,-0.288416485092606,19.4905310721105,2.29317324184365
Canada,2023.0,-0.633319898544559,19.4905310721105,1.93601776565032
Canada,2024.0,-0.461744367419551,19.4905310721105,2.77275799459458
China,2000.0,1.67667411710879,12.1927786705436,3.43984725315719
China,2001.0,1.28417196444636,13.9608819417593,3.47245235578959
China,2002.0,2.37759984341841,12.741423667485,3.56241418263928
China,2003.0,2.55665409110255,12.5559216134546,3.43849537731211
China,2004.0,3.47450259619584,12.6836881505815,3.43299015092913
China,2005.0,5.71199843031159,12.593639357984,4.49218509012467
China,2006.0,8.30532573537484,11.8828661329439,4.44499743873597
China,2007.0,9.79958953536148,10.6157965345491,4.3353750023692
China,2008.0,9.01086996317632,8.35888541397525,3.67520717506327
China,2009.0,4.68740638141982,8.92364851883977,2.52538984334254
China,2010.0,3.8402567341525,12.2541297504158,3.93541996731513
China,2011.0,1.77399724587567,14.0915092088721,3.65069190228425
China,2012.0,2.48328422404794,13.4881901596403,2.78099138181613
China,2013.0,1.52111320885029,15.5960421325697,2.98598708261986
China,2014.0,2.21130586371267,16.9548419226657,2.51155883670463
China,2015.0,2.59752794949746,12.1154906525366,2.14957284731564
China,2016.0,1.67018709565352,12.6494291599102,1.52539470315395
China,2017.0,1.50488723669316,13.9154855194928,1.32468971748483
China,2018.0,0.170563391928727,14.1794107921144,1.66361992284408
China,2019.0,0.706790487310523,14.8466857677962,1.28549226847992
China,2020.0,1.65930095801393,15.9657544053211,1.68770756292082
China,2021.0,1.93875176197337,15.3950356395985,1.8903454142588
China,2022.0,2.42059259149418,13.8085068654993,1.03841365474349
China,2023.0,1.4415829879426,13.7159179498305,0.280991103634816
China,2024.0,2.2616499482671,13.7159179498305,0.0989988051182737
Croatia,2000.0,-1.52722841882587,19.4905310721105,4.58593627511279
Croatia,2001.0,-2.23834054152959,19.4905310721105,4.4945739209067
Croatia,2002.0,-6.2103221208118,19.4905310721105,3.66542521482355
Croatia,2003.0,-9.1066358196642,19.4905310721105,5.23880665324196
Croatia,2004.0,-6.14980575305841,19.4905310721105,3.14124376125564
Croatia,2005.0,-7.53586560507973,19.4905310721105,4.03155518239355
Croatia,2006.0,-7.88339836164573,19.4905310721105,6.74853509660753
Croatia,2007.0,-8.01470793790892,19.4905310721105,7.8346433188692
Croatia,2008.0,-10.9274578709008,19.4905310721105,7.66605422421404
Croatia,2009.0,-6.55650234772972,19.4905310721105,4.92541459314338
Croatia,2010.0,-2.51814375609402,19.4905310721105,2.61954028140033
Croatia,2011.0,-1.66224275963357,19.4905310721105,1.9855409036994
Croatia,2012.0,-0.36132279399116,19.4905310721105,2.54569948440014
Croatia,2013.0,-0.858964118871848,19.4905310721105,1.59377624608893
Croatia,2014.0,0.393612117446996,19.4905310721105,5.34746591045471
Croatia,2015.0,2.81569132776122,19.4905310721105,0.95805116174867
Croatia,2016.0,2.46258877507004,19.4905310721105,2.99014228580785
Croatia,2017.0,4.05033996072395,19.4905310721105,3.23999605818927
Croatia,2018.0,1.21879362311209,19.4905310721105,2.66911435553493
Croatia,2019.0,2.63940414879378,19.4905310721105,6.47277176941678
Croatia,2020.0,-0.79471642197724,19.4905310721105,2.53910439982718
Croatia,2021.0,0.807872377612066,19.4905310721105,7.42706757670832
Croatia,2022.0,-3.68078262891498,19.4905310721105,5.51610421858619
Croatia,2023.0,0.753574362369111,19.4905310721105,3.95990588027565
Croatia,2024.0,-1.13396578057263,19.4905310721105,5.04216663315136
France,2000.0,1.1848394944316,19.4905310721105,3.04117027418416
France,2001.0,1.52989945223821,19.4905310721105,3.65899790543178
France,2002.0,1.18270439802011,19.4905310721105,3.45413596292303
France,2003.0,0.871063406872808,19.4905310721105,2.30782482603352
France,2004.0,0.434470120439983,19.4905310721105,1.68777447237363
France,2005.0,-0.0065091917770309,19.4905310721105,3.88373065839251
France,2006.0,0.0221896585541474,19.4905310721105,3.40646118259264
France,2007.0,-0.328279950461903,19.4905310721105,3.15449449926763
France,2008.0,-0.962244945077225,19.4905310721105,2.32326700027606
France,2009.0,-0.81848014778611,19.4905310721105,0.682311492843149
France,2010.0,-0.832545468638349,19.4905310721105,1.46961673029144
France,2011.0,-1.02802797917579,19.4905310721105,1.54005293306163
France,2012.0,-1.22530807843013,19.4905310721105,1.22790071519382
France,2013.0,-0.59799045690811,19.4905310721105,1.18823404938295
France,2014.0,-0.962733699381151,19.4905310721105,0.176974174772525
France,2015.0,-0.334528437032909,19.4905310721105,1.76596182973896
France,2016.0,-0.538632351885894,19.4905310721105,1.44200321416196
France,2017.0,-0.474615185215669,19.4905310721105,1.68928072199317
France,2018.0,-0.735670615255371,19.4905310721105,2.78594184568695
France,2019.0,0.587362764575748,19.4905310721105,1.96486943301562
France,2020.0,-2.00313613657686,19.4905310721105,0.731471704018579
France,2021.0,0.244238511780542,19.4905310721105,3.30405312221271
France,2022.0,-1.18259080268105,19.4905310721105,3.91856445477022
France,2023.0,-0.993970970723725,19.4905310721105,0.288462113991059
France,2024.0,0.391586848719543,19.4905310721105,1.75317440995299
Germany,2000.0,-1.5131310276989,19.4905310721105,12.6085323042305
Germany,2001.0,-0.17042466008937,19.4905310721105,2.89610853662772
Germany,2002.0,1.98424702046954,19.4905310721105,2.43861371432105
Germany,2003.0,1.53250948753762,19.4905310721105,2.5802310174772
Germany,2004.0,4.53374240243279,19.4905310721105,-0.715503012520617
Germany,2005.0,4.64324145764123,19.4905310721105,2.06799391408494
Germany,2006.0,5.83661726884206,19.4905310721105,2.87049561649648
Germany,2007.0,6.70574096490581,19.4905310721105,1.4594247021417
Germany,2008.0,5.57681458234834,19.4905310721105,0.812719205455151
Germany,2009.0,5.87415966958685,19.4905310721105,1.62945868783671
Germany,2010.0,5.77101102573257,19.4905310721105,2.48078642393235
Germany,2011.0,6.25886646333735,19.4905310721105,2.55005949502613
Germany,2012.0,7.19271816687105,19.4905310721105,1.8189263536368
Germany,2013.0,6.72723104677662,19.4905310721105,1.76465787052263
Germany,2014.0,7.19249005241927,19.4905310721105,0.437659919660916
Germany,2015.0,8.10033539639848,19.4905310721105,1.82321441511708
Germany,2016.0,8.89985353214632,19.4905310721105,1.64319555960592
Germany,2017.0,8.08358573755333,19.4905310721105,2.89088052868023
Germany,2018.0,8.44474369079797,19.4905310721105,4.00421026360441
Germany,2019.0,7.88005874480123,19.4905310721105,1.90698688059703
Germany,2020.0,6.34985102790796,19.4905310721105,4.48666571074036
Germany,2021.0,6.93113737824586,19.4905310721105,2.93470785974787
Germany,2022.0,3.88506689580802,19.4905310721105,2.0947134896352
Germany,2023.0,5.55668585897884,19.4905310721105,1.71109200964451
Germany,2024.0,5.73091235034847,19.4905310721105,1.02145633651483
India,2000.0,-0.982342580017138,21.8228803066691,0.765211694280819
India,2001.0,0.290495460210207,20.6760979408451,1.05638020993358
India,2002.0,1.37093793900847,20.6731997171964,1.01156946489919
India,2003.0,1.44355773291234,19.7091758741244,0.605887857091794
India,2004.0,0.110018010197153,17.5588240572864,0.765596855110284
India,2005.0,-1.25350400207393,14.8800140528443,0.886098378458823
India,2006.0,-0.988988302952292,17.0996791242773,2.13016842534495
India,2007.0,-0.66371764877261,16.8414102457773,2.07339404668754
India,2008.0,-2.58337749259838,19.0572058938661,3.62052323540171
India,2009.0,-1.95146209111802,19.2155611185983,2.6515903323548
India,2010.0,-3.25348368945179,17.520327243228,1.6350340943491
India,2011.0,-3.42928468606061,18.5055609944676,2.0020634629993
India,2012.0,-5.00488971805303,21.7351878662519,1.31293453035324
India,2013.0,-2.64566711733892,23.3008757774803,1.5162764665975
India,2014.0,-1.33950896483453,22.7049198417658,1.69565958990807
India,2015.0,-1.06754907167965,23.0297689509967,2.09211521443253
India,2016.0,-0.52788060603752,20.0812235448632,1.9373641224439
India,2017.0,-1.43948820320989,19.5049373712632,1.50731583255894
India,2018.0,-2.42697545810527,19.4905310721105,1.55821483801456
India,2019.0,-1.04961203910072,19.9766366353145,1.78482633957161
India,2020.0,1.22362111042791,21.4094740100862,2.40620322673636
India,2021.0,-1.05524166809383,19.5524130311129,1.41217101040888
India,2022.0,-2.36247481487452,18.6103165564092,1.49248825904
India,2023.0,-0.878449448896405,18.398392023483,0.771720975088408
India,2024.0,-0.828801355740078,18.398392023483,0.705636448953538
Iran,2000.0,11.3886353724995,8.01538330547552,0.0355866340459482
Iran,2001.0,11.3886353724995,6.51131335549761,0.321660450665872
Iran,2002.0,11.3886353724995,6.92658410154237,2.73611498143821
Iran,2003.0,11.3886353724995,9.35332174710251,1.89418626210645
Iran,2004.0,11.3886353724995,11.1765009657575,1.61769687940599
Iran,2005.0,11.3886353724995,9.5267245502464,1.28425430110396
Iran,2006.0,11.3886353724995,7.71290041746767,0.872560020168686
Iran,2007.0,11.3886353724995,5.94087508699143,0.576946135205803
Iran,2008.0,11.3886353724995,3.93382531374227,0.487596567099901
Iran,2009.0,11.3886353724995,4.49584531159985,0.720530462049909
Iran,2010.0,11.3886353724995,4.05805118001816,0.749168626269064
Iran,2011.0,11.3886353724995,2.74169060239135,0.679834574763516
Iran,2012.0,11.3886353724995,1.15421603802317,0.723850091355471
Iran,2013.0,11.3886353724995,1.39260534305275,0.609501593960532
Iran,2014.0,11.3886353724995,1.25206746599556,0.45545387401938
Iran,2015.0,11.3886353724995,1.57653508272573,0.500987695412685
Iran,2016.0,11.3886353724995,1.31827151241227,0.734572212152823
Iran,2017.0,11.3886353724995,1.39231179104553,1.02602633275785
Iran,2018.0,11.3886353724995,1.43997047778518,0.59491541906349
Iran,2019.0,11.3886353724995,1.45553662774804,0.452147955088118
Iran,2020.0,11.3886353724995,2.07575442854437,0.511850015625005
Iran,2021.0,11.3886353724995,2.69987581539856,0.371639399437799
Iran,2022.0,11.3886353724995,2.40236604365308,0.380360591270035
Iran,2023.0,11.3886353724995,2.44977869717701,0.351518326175309
Iraq,2000.0,-6.66212529091974,11.579236426757,-6.61645727484025e-05
Iraq,2001.0,-6.66212529091974,11.579236426757,-0.0183987197639496
Iraq,2002.0,-6.66212529091974,11.579236426757,-0.0009900252023457
Iraq,2003.0,-6.66212529091974,11.579236426757,4.56171717525217
Iraq,2004.0,-6.66212529091974,11.579236426757,0.818918786960291
Iraq,2005.0,-6.66212529091974,11.579236426757,1.02925980764254
Iraq,2006.0,4.11591917217398,11.579236426757,0.587900739517653
Iraq,2007.0,17.4694327663084,11.579236426757,1.09391286623188
Iraq,2008.0,21.6088001159731,11.579236426757,1.40995173662765
Iraq,2009.0,-1.01067925411065,11.579236426757,1.43142990859109
Iraq,2010.0,4.68412757383414,11.579236426757,1.00796493975113
Iraq,2011.0,14.065166727563,11.579236426757,1.12086339764167
Iraq,2012.0,13.5507635163078,11.579236426757,1.55961531280073
Iraq,2013.0,6.85843921497559,11.579236426757,-0.995279210263068
Iraq,2014.0,6.94151191976759,11.579236426757,-4.45521124532956
Iraq,2015.0,-1.65602101285884,11.579236426757,-4.54159235443502
Iraq,2016.0,1.29416694062961,14.1382651565459,-3.75180911604806
Iraq,2017.0,7.95462137277485,15.1161609151855,-2.68799428357231
Iraq,2018.0,15.1162785714327,12.3214408602116,-2.14854834807913
Iraq,2019.0,6.74664580876131,11.824461992369,-1.31640616709339
Iraq,2020.0,-3.48598226553262,14.7022768430631,-1.58049696252586
Iraq,2021.0,11.7148037882244,12.2155775212943,-1.25770209772783
Iraq,2022.0,20.1861883343541,7.95463364666726,-0.726653366772653
Iraq,2023.0,10.5528397110428,8.07390544982739,-1.99474822313262
Israel,2000.0,-1.50638440040569,19.4905310721105,5.89507316780042
Israel,2001.0,-1.50479208004928,19.4905310721105,1.31205425123863
Israel,2002.0,-1.02974227048974,19.4905310721105,1.26264306760422
Israel,2003.0,0.483072248827398,19.4905310721105,2.52798678419127
Israel,2004.0,1.67992421071552,19.4905310721105,2.10420736029139
Israel,2005.0,3.07761822143695,19.4905310721105,3.26627070729098
Israel,2006.0,4.38431465173998,19.4905310721105,9.05944013221796
Israel,2007.0,2.97046995803015,19.4905310721105,4.76393877718242
Israel,2008.0,1.21601040910127,19.4905310721105,4.64409119960907
Israel,2009.0,3.50950718493218,19.4905310721105,2.15877755898524
Israel,2010.0,3.44068472395444,19.4905310721105,2.91418894955553
Israel,2011.0,1.69641359596817,19.4905310721105,3.22758725723671
Israel,2012.0,0.372815009769858,19.4905310721105,3.42096752579402
Israel,2013.0,2.92178918884548,19.4905310721105,3.96752765564861
Israel,2014.0,4.16478994153455,19.4905310721105,1.9201815482971
Israel,2015.0,5.31773489785977,19.4905310721105,3.73553271836246
Israel,2016.0,3.95715398954873,19.4905310721105,3.72366398162517
Israel,2017.0,3.68400955478089,19.4905310721105,4.71262751632939
Israel,2018.0,2.89676496417534,19.4905310721105,5.71739368118438
Israel,2019.0,3.33539487166388,19.4905310721105,4.33363467004394
Israel,2020.0,4.06297123233132,19.4905310721105,5.1047506129271
Israel,2021.0,3.25786455118922,19.4905310721105,3.86849852798664
Israel,2022.0,3.25680093884263,19.4905310721105,4.35725962102686
Israel,2023.0,3.63228386473286,19.4905310721105,3.15027018997193
Israel,2024.0,3.09280551375385,19.4905310721105,3.11049677063416
Italy,2000.0,-0.270230356072507,19.4905310721105,1.14581409094162
Italy,2001.0,0.15478537448926,19.4905310721105,1.26941636801649
Italy,2002.0,-0.489738960441859,19.4905310721105,1.3449900649055
Italy,2003.0,-0.766212290849885,19.4905310721105,1.23649728851371
Italy,2004.0,-0.4953081424742,19.4905310721105,1.10881762156492
Italy,2005.0,-0.896244191801555,19.4905310721105,1.9711754818286
Italy,2006.0,-1.44603855867144,19.4905310721105,2.91006549515942
Italy,2007.0,-1.35566295251184,19.4905310721105,2.9684958153757
Italy,2008.0,-2.68669173430211,19.4905310721105,-0.393031898243064
Italy,2009.0,-1.77411764067094,19.4905310721105,0.751632233908177
Italy,2010.0,-3.24412215335914,19.4905310721105,0.462974196548407
Italy,2011.0,-2.74163808728921,19.4905310721105,1.49396922230512
Italy,2012.0,-0.215238993496647,19.4905310721105,0.0016635941816028
Italy,2013.0,1.03825599780866,19.4905310721105,0.907076904789882
Italy,2014.0,1.70979552518119,19.4905310721105,0.783743281747353
Italy,2015.0,1.23326652485505,19.4905310721105,0.720886367724088
Italy,2016.0,2.46140246001819,19.4905310721105,1.35957350873308
Italy,2017.0,2.47968309636806,19.4905310721105,0.44334154868577
Italy,2018.0,2.57144669559437,19.4905310721105,2.10769610409513
Italy,2019.0,3.23388196417885,19.4905310721105,1.77066894209208
Italy,2020.0,3.9369545603398,19.4905310721105,-0.893869914296467
Italy,2021.0,2.1243004153607,19.4905310721105,1.20474315612308
Italy,2022.0,-1.72642752142058,19.4905310721105,2.94181405797187
Italy,2023.0,0.141483235698338,19.4905310721105,1.82329512104505
Italy,2024.0,1.1277967732789,19.4905310721105,0.917841215922769
Japan,2000.0,2.63045548903539,19.4905310721105,0.215124715468568
Japan,2001.0,1.97087092323799,19.4905310721105,0.112602474486226
Japan,2002.0,2.60256520794997,19.4905310721105,0.276304070175934
Japan,2003.0,3.08393890811207,19.4905310721105,0.194079344432153
Japan,2004.0,3.71938350458584,19.4905310721105,0.153847735604894
Japan,2005.0,3.52114065640567,19.4905310721105,0.113001254131506
Japan,2006.0,3.79586172862876,19.4905310721105,-0.0520879011005219
Japan,2007.0,4.62330048259255,19.4905310721105,0.472322726975048
Japan,2008.0,2.78294234789655,19.4905310721105,0.482208589465112
Japan,2009.0,2.75409583494435,19.4905310721105,0.231146374633737
Japan,2010.0,3.83547896264376,19.4905310721105,0.12920448958805
Japan,2011.0,2.07915328846556,19.4905310721105,-0.0136482744839263
Japan,2012.0,0.95844261141204,19.4905310721105,0.0087202015018961
Japan,2013.0,0.889785415808863,19.4905310721105,0.204293384186424
Japan,2014.0,0.742322049627638,19.4905310721105,0.403354543401037
Japan,2015.0,3.0702796590698,19.4905310721105,0.118161987748241
Japan,2016.0,3.93809128404804,19.4905310721105,0.818481615264516
Japan,2017.0,4.12036966283801,19.4905310721105,0.381319638034274
Japan,2018.0,3.51661817468288,19.4905310721105,0.501685482403774
Japan,2019.0,3.45076611445328,19.4905310721105,0.780785313301259
Japan,2020.0,2.96847858242384,19.4905310721105,1.23830386396694
Japan,2021.0,3.89996604353179,19.4905310721105,0.695100892094565
Japan,2022.0,2.11637961936876,19.4905310721105,1.12971840820325
Japan,2023.0,3.71672795030717,19.4905310721105,0.47897443130528
Japan,2024.0,4.82480926257698,19.4905310721105,0.426561392377945
Pakistan,2000.0,-0.0854401858342493,33.9710548459949,0.309595026317044
Pakistan,2001.0,1.93318034244488,34.0766802397019,0.38910658649849
Pakistan,2002.0,3.93573326208505,35.8988355617632,0.843517300073237
Pakistan,2003.0,3.17962013910419,33.6209986126639,0.475207711805665
Pakistan,2004.0,-0.617928012719509,28.4088516196786,0.845585701616171
Pakistan,2005.0,-2.48346235681318,24.210552615942,1.51575083116461
Pakistan,2006.0,-4.16812395772995,23.6950181138025,2.63975006245443
Pakistan,2007.0,-4.50796175781862,23.5958874143371,3.03571933817685
Pakistan,2008.0,-7.74194351471585,25.3102850589533,2.68936656124595
Pakistan,2009.0,-2.13167355660601,31.159653742874,1.24801305527951
Pakistan,2010.0,-0.688324235118166,32.820003146751,1.02791108080423
Pakistan,2011.0,-0.957124213324854,28.6015042190889,0.575055145839944
Pakistan,2012.0,-0.936399348037174,25.9068400477172,0.343453048660945
Pakistan,2013.0,-1.70727876868057,23.6472992120207,0.515353849332245
Pakistan,2014.0,-1.34787339235798,24.0655669977331,0.695308116834202
Pakistan,2015.0,-0.934446742353906,23.2762601215631,0.557734356032139
Pakistan,2016.0,-2.29279660651385,24.3950993197251,0.821349998064174
Pakistan,2017.0,-4.76985760466006,27.8756739761646,0.735837049658425
Pakistan,2018.0,-5.29556175645778,28.5718965622565,0.487745750658143
Pakistan,2019.0,-2.66677325730292,34.9438285157213,0.696146480411465
Pakistan,2020.0,-0.216650637871501,40.0159385633215,0.684695289874347
Pakistan,2021.0,-3.52439577565177,38.0251981400457,0.616039439073827
Pakistan,2022.0,-3.25858181478804,34.5490782445464,0.389980753542853
Pakistan,2023.0,-0.307534782990555,39.3943802755119,0.606122431233686
Pakistan,2024.0,0.18742245956943,39.3943802755119,0.688339246326832
Portugal,2000.0,-10.8233299998961,19.4905310721105,6.14861920837231
Portugal,2001.0,-10.4344116184086,19.4905310721105,5.02761444190449
Portugal,2002.0,-8.31755894208289,19.4905310721105,0.436137292252841
Portugal,2003.0,-6.66692325748196,19.4905310721105,6.26697257909762
Portugal,2004.0,-7.9833939998949,19.4905310721105,1.312247289237
Portugal,2005.0,-9.60021052870913,19.4905310721105,1.70741232717781
Portugal,2006.0,-10.2302140524555,19.4905310721105,6.41633004152
Portugal,2007.0,-9.65792414363098,19.4905310721105,2.50093088549298
Portugal,2008.0,-11.8598002235991,19.4905310721105,2.96892594201258
Portugal,2009.0,-10.3235445210729,19.4905310721105,2.35133912553896
Portugal,2010.0,-10.2611634070618,19.4905310721105,3.77376819569615
Portugal,2011.0,-6.11854777822697,19.4905310721105,4.23648756430893
Portugal,2012.0,-1.52721549957903,19.4905310721105,7.21535195239501
Portugal,2013.0,1.53973827822347,19.4905310721105,6.43654323197598
Portugal,2014.0,0.315317528197346,19.4905310721105,5.43851031792652
Portugal,2015.0,0.508297093307309,19.4905310721105,0.63522205292535
Portugal,2016.0,1.42555528145605,19.4905310721105,3.562829928033
Portugal,2017.0,1.56389644169824,19.4905310721105,5.02041551787587
Portugal,2018.0,0.7276825303456,19.4905310721105,3.46584287446499
Portugal,2019.0,0.765771121812591,19.4905310721105,4.5038935303436
Portugal,2020.0,-0.629832722737583,19.4905310721105,1.8141455418251
Portugal,2021.0,-0.67221074365241,19.4905310721105,3.60836004516304
Portugal,2022.0,-2.08477768135412,19.4905310721105,5.08368926085176
Portugal,2023.0,0.560601322667798,19.4905310721105,3.94859619841127
Portugal,2024.0,2.17305178524595,19.4905310721105,4.27060011185056
Russia,2000.0,17.4742424828314,19.4905310721105,1.03116111575235
Russia,2001.0,10.4545347443772,19.4905310721105,0.928663004211825
Russia,2002.0,7.9523289090993,19.4905310721105,1.00553594478556
Russia,2003.0,7.69799200510312,19.4905310721105,1.84237888462157
Russia,2004.0,9.90832254287658,19.4905310721105,2.60618528064118
Russia,2005.0,11.0454169715192,19.4905310721105,2.02980703784767
Russia,2006.0,9.32544491399994,19.4905310721105,3.7977120943899
Russia,2007.0,5.55457619335894,19.4905310721105,4.29895594841933
Russia,2008.0,6.25797161157479,19.4905310721105,4.50269424864822
Russia,2009.0,4.12086933736946,19.4905310721105,2.99212552042529
Russia,2010.0,4.4233366535099,19.4905310721105,2.8308286983175
Russia,2011.0,4.75452652542426,19.4905310721105,2.69236118071968
Russia,2012.0,3.22793090052757,19.4905310721105,2.29079869889368
Russia,2013.0,1.45817388483059,19.4905310721105,3.01940211363344
Russia,2014.0,2.79290979175164,19.4905310721105,1.0698764102333
Russia,2015.0,4.97088857375125,19.4905310721105,0.502607961400285
Russia,2016.0,1.91643731021353,19.4905310721105,2.54849998807899
Russia,2017.0,2.04412673615753,19.4905310721105,1.81409297475419
Russia,2018.0,6.97989872935135,19.4905310721105,0.530060790633169
Russia,2019.0,3.87612476973049,19.4905310721105,1.88851731564914
Russia,2020.0,2.36911533657246,19.4905310721105,0.634851184443604
Russia,2021.0,6.83107025995823,19.4905310721105,2.21136527873962
Russia,2022.0,10.3741278519981,19.4905310721105,-1.73680981421063
Russia,2023.0,2.38662145137302,19.4905310721105,-0.484918283286507
Russia,2024.0,2.86529184075621,19.4905310721105,-0.376108442730925
Saudi Arabia,2000.0,7.55444425839441,19.4905310721105,-0.992569099216106
Saudi Arabia,2001.0,5.07959598329365,19.4905310721105,0.0106659367777141
Saudi Arabia,2002.0,6.26198626765416,19.4905310721105,-0.323899963714203
Saudi Arabia,2003.0,12.9967291873384,19.4905310721105,-0.271772775519938
Saudi Arabia,2004.0,20.0686191554423,19.4905310721105,-0.129209725410009
Saudi Arabia,2005.0,28.1246392357311,19.4905310721105,1.33515850333851
Saudi Arabia,2006.0,27.353014339297,19.4905310721105,1.58553602335569
Saudi Arabia,2007.0,23.8969206399043,19.4905310721105,1.4845788453021
Saudi Arabia,2008.0,26.8842434338142,19.4905310721105,1.05925699592349
Saudi Arabia,2009.0,6.6029540381613,19.4905310721105,0.10169038708409
Saudi Arabia,2010.0,14.0881814888768,19.4905310721105,0.923670092367437
Saudi Arabia,2011.0,24.2396505371571,19.4905310721105,0.688133631504519
Saudi Arabia,2012.0,23.0960297379837,19.4905310721105,0.669626013751334
Saudi Arabia,2013.0,18.5862020446991,19.4905310721105,0.437984195574321
Saudi Arabia,2014.0,10.196216885413,19.4905310721105,0.191711517264836
Saudi Arabia,2015.0,-7.59146587533691,19.4905310721105,0.572622097928938
Saudi Arabia,2016.0,-3.5477978026438,19.4905310721105,3.1851861185027
Saudi Arabia,2017.0,1.63577160295378,19.4905310721105,0.136801407151885
Saudi Arabia,2018.0,8.2290619343875,19.4905310721105,1.36945683303736
Saudi Arabia,2019.0,4.32575099444026,19.4905310721105,0.346411455797861
Saudi Arabia,2020.0,-3.32667478909905,19.4905310721105,0.211115523412857
Saudi Arabia,2021.0,4.1248838492973,19.4905310721105,2.88506121744521
Saudi Arabia,2022.0,12.1343314312971,19.4905310721105,2.15564496273781
Saudi Arabia,2023.0,2.8831210285631,19.4905310721105,1.87131032249407
Saudi Arabia,2024.0,-0.459359187454294,19.4905310721105,1.27168557393327
Spain,2000.0,-4.33507205777267,19.4905310721105,6.77304093540067
Spain,2001.0,-4.38922200145846,19.4905310721105,4.60488653495273
Spain,2002.0,-3.70295804630134,19.4905310721105,5.55192357268812
Spain,2003.0,-3.86622288791001,19.4905310721105,3.38614000138608
Spain,2004.0,-5.48470889304821,19.4905310721105,2.36188994839376
Spain,2005.0,-7.26750054256225,19.4905310721105,2.33900873041994
Spain,2006.0,-8.83881825681534,19.4905310721105,2.60949621668351
Spain,2007.0,-9.43206208437295,19.4905310721105,4.62027011576258
Spain,2008.0,-8.90618785170716,19.4905310721105,4.5283253076988
Spain,2009.0,-4.03711289982811,19.4905310721105,0.638105873359213
Spain,2010.0,-3.65895973068443,19.4905310721105,2.563698899873
Spain,2011.0,-2.68728637358442,19.4905310721105,1.80375086205008
Spain,2012.0,0.0552331666960445,19.4905310721105,1.56638319794926
Spain,2013.0,2.07791536141213,19.4905310721105,3.4608559063245
Spain,2014.0,1.73595007328569,19.4905310721105,2.31642230011086
Spain,2015.0,2.03697429462383,19.4905310721105,1.97131692755332
Spain,2016.0,3.15808866042231,19.4905310721105,3.61722479660389
Spain,2017.0,2.82857699785743,19.4905310721105,2.54039212306224
Spain,2018.0,1.86142647160726,19.4905310721105,4.46748509754483
Spain,2019.0,2.11978917805627,19.4905310721105,2.16052375036307
Spain,2020.0,0.819280213926571,19.4905310721105,2.92165980781024
Spain,2021.0,0.765004613238448,19.4905310721105,4.42272902452136
Spain,2022.0,0.309856961117303,19.4905310721105,4.52740675341745
Spain,2023.0,2.65494270436243,19.4905310721105,2.6512753496567
Spain,2024.0,3.02899904108629,19.4905310721105,1.88923995432821
Sri Lanka,2000.0,-6.39029694359056,57.7533288076129,1.05898829001768
Sri Lanka,2001.0,-1.36821186331088,57.8751303065509,1.09074720867871
Sri Lanka,2002.0,-1.42925945944237,62.1603882135227,1.1882779089504
Sri Lanka,2003.0,-0.374541248460878,57.3262074199874,1.21132740876657
Sri Lanka,2004.0,-3.1340311530145,56.7045793171603,1.12667735136244
Sri Lanka,2005.0,-2.66382240513017,46.8753052051031,1.11612854301768
Sri Lanka,2006.0,-5.29710561091735,42.4995102864864,1.6962636199314
Sri Lanka,2007.0,-4.33041626176129,44.2579988597844,1.8639738781084
Sri Lanka,2008.0,-9.54319542329735,41.0645558757827,1.84752962305149
Sri Lanka,2009.0,-0.510385718302903,46.9067288289757,0.960390452698523
Sri Lanka,2010.0,-1.83339082942674,37.3743097647659,0.81444451886013
Sri Lanka,2011.0,-6.81209784164494,38.4422070940857,1.41088363979556
Sri Lanka,2012.0,-5.69099820826854,51.6165842309571,1.33591734742632
Sri Lanka,2013.0,-3.29942347704936,52.2481960961188,1.21109651353017
Sri Lanka,2014.0,-2.40848114779964,52.3589316985507,1.08281211166124
Sri Lanka,2015.0,-2.21267766202146,52.8483308088162,0.798746315198802
Sri Lanka,2016.0,-1.9799949250478,54.3749591244192,1.01937184461335
Sri Lanka,2017.0,-2.44676435306533,55.1442273152069,1.45462805347274
Sri Lanka,2018.0,-2.96352841915779,57.4626054168979,1.70888696252002
Sri Lanka,2019.0,-2.07126631371234,64.8429879638496,0.835367459152173
Sri Lanka,2020.0,-1.40761494671392,69.3389132601966,0.514700552667608
Sri Lanka,2021.0,-3.70866603778749,67.8161351183492,0.66882570941316
Sri Lanka,2022.0,-1.95359411175867,81.3262905033885,1.19249322228343
Sri Lanka,2023.0,1.86213703632984,75.5983345222285,0.850285474860616
Sweden,2000.0,4.44602906629137,19.4905310721105,8.67911210694387
Sweden,2001.0,6.17153895517197,19.4905310721105,7.51252224886398
Sweden,2002.0,4.65735916876796,19.4905310721105,6.87489824052354
Sweden,2003.0,5.85856760628163,19.4905310721105,1.79830890630106
Sweden,2004.0,5.95565227135175,19.4905310721105,4.38298586102438
Sweden,2005.0,6.02091428608613,19.4905310721105,5.30589730213508
Sweden,2006.0,8.15771409681235,19.4905310721105,5.21918776603986
Sweden,2007.0,8.14763877183429,19.4905310721105,9.41607851555743
Sweden,2008.0,7.92880401124683,19.4905310721105,8.05192832202574
Sweden,2009.0,5.96761997158493,19.4905310721105,2.06322514266274
Sweden,2010.0,5.92503947637938,19.4905310721105,0.126859058768842
Sweden,2011.0,5.51025822994297,19.4905310721105,1.22328622056408
Sweden,2012.0,5.53301807097919,19.4905310721105,0.777370132358845
Sweden,2013.0,4.33477452937431,19.4905310721105,0.254696304546181
Sweden,2014.0,3.25046610689162,19.4905310721105,-1.04543478042344
Sweden,2015.0,2.59383978182219,19.4905310721105,1.94889442525099
Sweden,2016.0,1.84679598887557,19.4905310721105,3.00853908060468
Sweden,2017.0,2.07432570613664,19.4905310721105,4.53384406821975
Sweden,2018.0,2.19206475154499,19.4905310721105,-0.129536947454265
Sweden,2019.0,5.32712064769758,19.4905310721105,2.98447516897391
Sweden,2020.0,5.79758332239449,19.4905310721105,3.39683456902909
Sweden,2021.0,6.70313387861944,19.4905310721105,9.09954665874792
Sweden,2022.0,4.72576156484506,19.4905310721105,9.30392491904333
Sweden,2023.0,6.9717602812854,19.4905310721105,3.0771491499816
Sweden,2024.0,7.42059744936863,19.4905310721105,4.37465244619854
UK,2000.0,-1.80978814155872,19.4905310721105,9.85451206947804
UK,2001.0,-1.76623319868349,19.4905310721105,3.3998059098334
UK,2002.0,-1.97304333212519,19.4905310721105,5.02654863681235
UK,2003.0,-1.82808406238088,19.4905310721105,1.7528640877232
UK,2004.0,-2.29213993851292,19.4905310721105,3.59523929838674
UK,2005.0,-1.98153178021805,19.4905310721105,9.93454640049509
UK,2006.0,-3.12218245755459,19.4905310721105,7.51858312899467
UK,2007.0,-3.73342924098551,19.4905310721105,6.77930004470465
UK,2008.0,-3.88657975994756,19.4905310721105,8.65204820165557
UK,2009.0,-3.03919318860907,19.4905310721105,0.602903980683404
UK,2010.0,-2.77184107542602,19.4905310721105,2.6849735901
UK,2011.0,-1.63097008877188,19.4905310721105,1.01403975166563
UK,2012.0,-3.14718914670129,19.4905310721105,1.72697599448212
UK,2013.0,-4.65119373117684,19.4905310721105,1.95605174026818
UK,2014.0,-5.01141706795707,19.4905310721105,1.92156774768545
UK,2015.0,-4.94667701136357,19.4905310721105,1.54832168533284
UK,2016.0,-5.49879734304565,19.4905310721105,12.0788528134648
UK,2017.0,-3.49784868993649,19.4905310721105,4.67730914435461
UK,2018.0,-3.92206514953074,19.4905310721105,-0.872604333652357
UK,2019.0,-2.6851488847368,19.4905310721105,0.694070007703284
UK,2020.0,-2.95839949111081,19.4905310721105,5.82864205974736
UK,2021.0,-0.440671238610714,19.4905310721105,0.160847823124997
UK,2022.0,-2.27877411232757,19.4905310721105,1.44178892281254
UK,2023.0,-3.51213275320832,19.4905310721105,0.409209760829812
UK,2024.0,-2.65199665914344,19.4905310721105,0.0961822157060989
USA,2000.0,-3.92088461637514,19.4905310721105,3.40578123865959
USA,2001.0,-3.72407526075822,19.4905310721105,1.63009976725416
USA,2002.0,-4.17334150234402,19.4905310721105,1.01613965201918
USA,2003.0,-4.55897769378821,19.4905310721105,1.0221840098809
USA,2004.0,-5.20485224269137,19.4905310721105,1.74869094348654
USA,2005.0,-5.74598267055862,19.4905310721105,1.09166231632209
USA,2006.0,-5.91102091022869,19.4905310721105,2.16033590475335
USA,2007.0,-5.08872735734161,19.4905310721105,2.39469075656401
USA,2008.0,-4.71585990444596,19.4905310721105,2.30937838146355
USA,2009.0,-2.62283632200348,19.4905310721105,1.11260018343609
USA,2010.0,-2.87064145448882,19.4905310721105,1.75453192115262
USA,2011.0,-2.91862065322661,19.4905310721105,1.68911235141732
USA,2012.0,-2.57236847367136,19.4905310721105,1.54020833064168
USA,2013.0,-2.01090797096302,19.4905310721105,1.70686814034716
USA,2014.0,-2.10117617206317,19.4905310721105,1.43033863092168
USA,2015.0,-2.2325584903738,19.4905310721105,2.79548220201356
USA,2016.0,-2.10699725119707,19.4905310721105,2.52268117379751
USA,2017.0,-1.87442427129943,19.4905310721105,1.94177554246862
USA,2018.0,-2.12935714812701,19.4905310721105,1.03945408799819
USA,2019.0,-2.05082808332895,19.4905310721105,1.46696501417689
USA,2020.0,-2.81541652061746,19.4905310721105,0.641871902381299
USA,2021.0,-3.66529172058257,19.4905310721105,2.00921229782091
USA,2022.0,-3.8916721040072,19.4905310721105,1.57259077429972
USA,2023.0,-3.26607086420481,19.4905310721105,1.25820735681761
USA,2024.0,-3.88426682437385,19.4905310721105,1.32942080645156
