Country,Year,Area Code (M49),Element Code,Item Code,Year Code,Value
Afghanistan,2000,4.0,529.6,3010.0,2000.0,12070882.2
Afghanistan,2001,4.0,529.6,3010.0,2001.0,12307015.2
Afghanistan,2002,4.0,529.6,3010.0,2002.0,12947231.4
Afghanistan,2003,4.0,529.6,3010.0,2003.0,13706189.8
Afghanistan,2004,4.0,529.6,3010.0,2004.0,14248057.2
Afghanistan,2005,4.0,529.6,3010.0,2005.0,14775986.2
Afghanistan,2006,4.0,529.6,3010.0,2006.0,15348327.6
Afghanistan,2007,4.0,529.6,3010.0,2007.0,15687299.0
Afghanistan,2008,4.0,529.6,3010.0,2008.0,16051855.0
Afghanistan,2009,4.0,529.6,3010.0,2009.0,16587306.2
Afghanistan,2010,4.0,529.6,3010.0,2010.0,17074268.8
Afghanistan,2011,4.0,529.6,3010.0,2011.0,17680802.8
Afghanistan,2012,4.0,529.6,3010.0,2012.0,18363405.2
Afghanistan,2013,4.0,529.6,3010.0,2013.0,18995419.2
Afghanistan,2014,4.0,529.6,3010.0,2014.0,19668613.2
Afghanistan,2015,4.0,529.6,3010.0,2015.0,20280004.4
Afghanistan,2016,4.0,529.6,3010.0,2016.0,20811451.4
Afghanistan,2017,4.0,529.6,3010.0,2017.0,21381590.2
Afghanistan,2018,4.0,529.6,3010.0,2018.0,21971850.8
Afghanistan,2019,4.0,529.6,3010.0,2019.0,22584249.8
Afghanistan,2020,4.0,529.6,3010.0,2020.0,23238579.6
Afghanistan,2021,4.0,529.6,3010.0,2021.0,23782906.2
Afghanistan,2022,4.0,529.6,3010.0,2022.0,24187355.8
Afghanistan,2023,4.0,529.6,3010.0,2023.0,24711745.2
Argentina,2000,32.0,529.6,3010.0,2000.0,22297084.0
Argentina,2001,32.0,529.6,3010.0,2001.0,22544232.0
Argentina,2002,32.0,529.6,3010.0,2002.0,22789613.6
Argentina,2003,32.0,529.6,3010.0,2003.0,23031588.6
Argentina,2004,32.0,529.6,3010.0,2004.0,23272105.4
Argentina,2005,32.0,529.6,3010.0,2005.0,23515813.4
Argentina,2006,32.0,529.6,3010.0,2006.0,23760624.2
Argentina,2007,32.0,529.6,3010.0,2007.0,24000750.0
Argentina,2008,32.0,529.6,3010.0,2008.0,24246137.0
Argentina,2009,32.0,529.6,3010.0,2009.0,24501813.6
Argentina,2010,32.0,529.6,3010.0,2010.0,24760255.4
Argentina,2011,32.0,529.6,3010.0,2011.0,25023639.8
Argentina,2012,32.0,529.6,3010.0,2012.0,25284036.4
Argentina,2013,32.0,529.6,3010.0,2013.0,25540967.0
Argentina,2014,32.0,529.6,3010.0,2014.0,25805931.8
Argentina,2015,32.0,529.6,3010.0,2015.0,26074357.8
Argentina,2016,32.0,529.6,3010.0,2016.0,26329611.4
Argentina,2017,32.0,529.6,3010.0,2017.0,26569765.8
Argentina,2018,32.0,529.6,3010.0,2018.0,26799725.6
Argentina,2019,32.0,529.6,3010.0,2019.0,27009742.4
Argentina,2020,32.0,529.6,3010.0,2020.0,27178865.4
Argentina,2021,32.0,529.6,3010.0,2021.0,27307797.6
Argentina,2022,32.0,529.6,3010.0,2022.0,27425816.2
Argentina,2023,32.0,529.6,3010.0,2023.0,27556764.2
Australia,2000,36.0,529.6,3010.0,2000.0,11466156.0
Australia,2001,36.0,529.6,3010.0,2001.0,11599879.8
Australia,2002,36.0,529.6,3010.0,2002.0,11733180.4
Australia,2003,36.0,529.6,3010.0,2003.0,11867176.0
Australia,2004,36.0,529.6,3010.0,2004.0,12008356.6
Australia,2005,36.0,529.6,3010.0,2005.0,12165576.6
Australia,2006,36.0,529.6,3010.0,2006.0,12350945.0
Australia,2007,36.0,529.6,3010.0,2007.0,12571152.4
Australia,2008,36.0,529.6,3010.0,2008.0,12816734.2
Australia,2009,36.0,529.6,3010.0,2009.0,13061012.4
Australia,2010,36.0,529.6,3010.0,2010.0,13280645.0
Australia,2011,36.0,529.6,3010.0,2011.0,13487869.8
Australia,2012,36.0,529.6,3010.0,2012.0,13705427.4
Australia,2013,36.0,529.6,3010.0,2013.0,13924654.0
Australia,2014,36.0,529.6,3010.0,2014.0,14133173.6
Australia,2015,36.0,529.6,3010.0,2015.0,14339112.0
Australia,2016,36.0,529.6,3010.0,2016.0,14557155.0
Australia,2017,36.0,529.6,3010.0,2017.0,14782527.6
Australia,2018,36.0,529.6,3010.0,2018.0,15002331.6
Australia,2019,36.0,529.6,3010.0,2019.0,15210812.8
Australia,2020,36.0,529.6,3010.0,2020.0,15377151.8
Australia,2021,36.0,529.6,3010.0,2021.0,15522658.0
Australia,2022,36.0,529.6,3010.0,2022.0,15679651.0
Australia,2023,36.0,529.6,3010.0,2023.0,15837787.2
Bangladesh,2000,50.0,529.6,3010.0,2000.0,80133970.4
Bangladesh,2001,50.0,529.6,3010.0,2001.0,81543756.2
Bangladesh,2002,50.0,529.6,3010.0,2002.0,82893596.6
Bangladesh,2003,50.0,529.6,3010.0,2003.0,84191940.6
Bangladesh,2004,50.0,529.6,3010.0,2004.0,85422640.2
Bangladesh,2005,50.0,529.6,3010.0,2005.0,86572534.6
Bangladesh,2006,50.0,529.6,3010.0,2006.0,87635990.2
Bangladesh,2007,50.0,529.6,3010.0,2007.0,88623549.6
Bangladesh,2008,50.0,529.6,3010.0,2008.0,89550868.4
Bangladesh,2009,50.0,529.6,3010.0,2009.0,90440427.4
Bangladesh,2010,50.0,529.6,3010.0,2010.0,91310612.8
Bangladesh,2011,50.0,529.6,3010.0,2011.0,92218813.6
Bangladesh,2012,50.0,529.6,3010.0,2012.0,93173451.0
Bangladesh,2013,50.0,529.6,3010.0,2013.0,94127114.8
Bangladesh,2014,50.0,529.6,3010.0,2014.0,95067027.4
Bangladesh,2015,50.0,529.6,3010.0,2015.0,95993448.8
Bangladesh,2016,50.0,529.6,3010.0,2016.0,96915085.0
Bangladesh,2017,50.0,529.6,3010.0,2017.0,97808409.0
Bangladesh,2018,50.0,529.6,3010.0,2018.0,98682871.2
Bangladesh,2019,50.0,529.6,3010.0,2019.0,99578406.0
Bangladesh,2020,50.0,529.6,3010.0,2020.0,100474271.4
Bangladesh,2021,50.0,529.6,3010.0,2021.0,101363468.8
Bangladesh,2022,50.0,529.6,3010.0,2022.0,102399800.8
Bangladesh,2023,50.0,529.6,3010.0,2023.0,103576277.2
Belgium,2000,56.0,529.6,3010.0,2000.0,6157093.4
Belgium,2001,56.0,529.6,3010.0,2001.0,6178605.6
Belgium,2002,56.0,529.6,3010.0,2002.0,6206166.2
Belgium,2003,56.0,529.6,3010.0,2003.0,6234310.4
Belgium,2004,56.0,529.6,3010.0,2004.0,6264540.2
Belgium,2005,56.0,529.6,3010.0,2005.0,6300931.6
Belgium,2006,56.0,529.6,3010.0,2006.0,6343290.4
Belgium,2007,56.0,529.6,3010.0,2007.0,6389764.2
Belgium,2008,56.0,529.6,3010.0,2008.0,6439717.6
Belgium,2009,56.0,529.6,3010.0,2009.0,6497232.0
Belgium,2010,56.0,529.6,3010.0,2010.0,6562398.2
Belgium,2011,56.0,529.6,3010.0,2011.0,6618069.0
Belgium,2012,56.0,529.6,3010.0,2012.0,6659717.2
Belgium,2013,56.0,529.6,3010.0,2013.0,6694412.8
Belgium,2014,56.0,529.6,3010.0,2014.0,6727879.6
Belgium,2015,56.0,529.6,3010.0,2015.0,6767721.8
Belgium,2016,56.0,529.6,3010.0,2016.0,6804756.0
Belgium,2017,56.0,529.6,3010.0,2017.0,6836499.4
Belgium,2018,56.0,529.6,3010.0,2018.0,6871146.0
Belgium,2019,56.0,529.6,3010.0,2019.0,6908804.0
Belgium,2020,56.0,529.6,3010.0,2020.0,6940037.0
Belgium,2021,56.0,529.6,3010.0,2021.0,6962168.6
Belgium,2022,56.0,529.6,3010.0,2022.0,6998995.2
Belgium,2023,56.0,529.6,3010.0,2023.0,7034868.6
Canada,2000,124.0,529.6,3010.0,2000.0,18503875.8
Canada,2001,124.0,529.6,3010.0,2001.0,18690377.0
Canada,2002,124.0,529.6,3010.0,2002.0,18878408.8
Canada,2003,124.0,529.6,3010.0,2003.0,19060154.0
Canada,2004,124.0,529.6,3010.0,2004.0,19242954.4
Canada,2005,124.0,529.6,3010.0,2005.0,19433665.2
Canada,2006,124.0,529.6,3010.0,2006.0,19632765.0
Canada,2007,124.0,529.6,3010.0,2007.0,19840854.8
Canada,2008,124.0,529.6,3010.0,2008.0,20060543.6
Canada,2009,124.0,529.6,3010.0,2009.0,20288514.2
Canada,2010,124.0,529.6,3010.0,2010.0,20512493.2
Canada,2011,124.0,529.6,3010.0,2011.0,20729905.4
Canada,2012,124.0,529.6,3010.0,2012.0,20949147.4
Canada,2013,124.0,529.6,3010.0,2013.0,21168472.2
Canada,2014,124.0,529.6,3010.0,2014.0,21374651.0
Canada,2015,124.0,529.6,3010.0,2015.0,21574835.4
Canada,2016,124.0,529.6,3010.0,2016.0,21799301.8
Canada,2017,124.0,529.6,3010.0,2017.0,22048238.6
Canada,2018,124.0,529.6,3010.0,2018.0,22308755.0
Canada,2019,124.0,529.6,3010.0,2019.0,22569136.2
Canada,2020,124.0,529.6,3010.0,2020.0,22789401.8
Canada,2021,124.0,529.6,3010.0,2021.0,22966455.0
Canada,2022,124.0,529.6,3010.0,2022.0,23176949.0
Canada,2023,124.0,529.6,3010.0,2023.0,23431022.0
China,2000,159.0,529.6,3010.0,2000.0,782048574.6
China,2001,159.0,529.6,3010.0,2001.0,787372937.0
China,2002,159.0,529.6,3010.0,2002.0,792284125.2
China,2003,159.0,529.6,3010.0,2003.0,796982357.2
China,2004,159.0,529.6,3010.0,2004.0,801635224.6
China,2005,159.0,529.6,3010.0,2005.0,806409724.6
China,2006,159.0,529.6,3010.0,2006.0,811221056.2
China,2007,159.0,529.6,3010.0,2007.0,815932798.2
China,2008,159.0,529.6,3010.0,2008.0,820745234.0
China,2009,159.0,529.6,3010.0,2009.0,825839156.8
China,2010,159.0,529.6,3010.0,2010.0,831063933.6
China,2011,159.0,529.6,3010.0,2011.0,836153042.8
China,2012,159.0,529.6,3010.0,2012.0,841488422.2
China,2013,159.0,529.6,3010.0,2013.0,846886693.6
China,2014,159.0,529.6,3010.0,2014.0,852003313.8
China,2015,159.0,529.6,3010.0,2015.0,856732996.6
China,2016,159.0,529.6,3010.0,2016.0,861266854.2
China,2017,159.0,529.6,3010.0,2017.0,865857909.0
China,2018,159.0,529.6,3010.0,2018.0,869679555.0
China,2019,159.0,529.6,3010.0,2019.0,872531139.8
China,2020,159.0,529.6,3010.0,2020.0,874490281.2
China,2021,159.0,529.6,3010.0,2021.0,875392489.4
China,2022,159.0,529.6,3010.0,2022.0,875525478.8
China,2023,159.0,529.6,3010.0,2023.0,875025660.0
Croatia,2000,191.0,529.6,3010.0,2000.0,2616056.4
Croatia,2001,191.0,529.6,3010.0,2001.0,2602045.6
Croatia,2002,191.0,529.6,3010.0,2002.0,2601476.6
Croatia,2003,191.0,529.6,3010.0,2003.0,2600463.6
Croatia,2004,191.0,529.6,3010.0,2004.0,2600806.4
Croatia,2005,191.0,529.6,3010.0,2005.0,2601189.6
Croatia,2006,191.0,529.6,3010.0,2006.0,2600459.8
Croatia,2007,191.0,529.6,3010.0,2007.0,2598834.8
Croatia,2008,191.0,529.6,3010.0,2008.0,2596338.0
Croatia,2009,191.0,529.6,3010.0,2009.0,2592428.8
Croatia,2010,191.0,529.6,3010.0,2010.0,2586088.6
Croatia,2011,191.0,529.6,3010.0,2011.0,2575003.8
Croatia,2012,191.0,529.6,3010.0,2012.0,2562999.8
Croatia,2013,191.0,529.6,3010.0,2013.0,2552520.4
Croatia,2014,191.0,529.6,3010.0,2014.0,2539298.0
Croatia,2015,191.0,529.6,3010.0,2015.0,2520694.6
Croatia,2016,191.0,529.6,3010.0,2016.0,2497230.4
Croatia,2017,191.0,529.6,3010.0,2017.0,2469550.6
Croatia,2018,191.0,529.6,3010.0,2018.0,2442903.8
Croatia,2019,191.0,529.6,3010.0,2019.0,2422563.2
Croatia,2020,191.0,529.6,3010.0,2020.0,2404772.6
Croatia,2021,191.0,529.6,3010.0,2021.0,2388319.6
Croatia,2022,191.0,529.6,3010.0,2022.0,2376695.0
Croatia,2023,191.0,529.6,3010.0,2023.0,2367805.8
France,2000,250.0,529.6,3010.0,2000.0,35715126.8
France,2001,250.0,529.6,3010.0,2001.0,35944301.4
France,2002,250.0,529.6,3010.0,2002.0,36175914.4
France,2003,250.0,529.6,3010.0,2003.0,36406469.8
France,2004,250.0,529.6,3010.0,2004.0,36647420.0
France,2005,250.0,529.6,3010.0,2005.0,36896793.0
France,2006,250.0,529.6,3010.0,2006.0,37138512.0
France,2007,250.0,529.6,3010.0,2007.0,37365165.8
France,2008,250.0,529.6,3010.0,2008.0,37577989.4
France,2009,250.0,529.6,3010.0,2009.0,37780089.4
France,2010,250.0,529.6,3010.0,2010.0,37972293.0
France,2011,250.0,529.6,3010.0,2011.0,38162226.2
France,2012,250.0,529.6,3010.0,2012.0,38351360.8
France,2013,250.0,529.6,3010.0,2013.0,38539077.0
France,2014,250.0,529.6,3010.0,2014.0,38715124.8
France,2015,250.0,529.6,3010.0,2015.0,38857974.6
France,2016,250.0,529.6,3010.0,2016.0,38978880.4
France,2017,250.0,529.6,3010.0,2017.0,39109819.8
France,2018,250.0,529.6,3010.0,2018.0,39254471.2
France,2019,250.0,529.6,3010.0,2019.0,39387925.6
France,2020,250.0,529.6,3010.0,2020.0,39506343.8
France,2021,250.0,529.6,3010.0,2021.0,39624367.4
France,2022,250.0,529.6,3010.0,2022.0,39747439.2
France,2023,250.0,529.6,3010.0,2023.0,39856573.2
Germany,2000,276.0,529.6,3010.0,2000.0,49016454.8
Germany,2001,276.0,529.6,3010.0,2001.0,49080723.4
Germany,2002,276.0,529.6,3010.0,2002.0,49149704.2
Germany,2003,276.0,529.6,3010.0,2003.0,49181945.0
Germany,2004,276.0,529.6,3010.0,2004.0,49180215.2
Germany,2005,276.0,529.6,3010.0,2005.0,49152939.0
Germany,2006,276.0,529.6,3010.0,2006.0,48988859.2
Germany,2007,276.0,529.6,3010.0,2007.0,48788308.2
Germany,2008,276.0,529.6,3010.0,2008.0,48670499.4
Germany,2009,276.0,529.6,3010.0,2009.0,48567235.6
Germany,2010,276.0,529.6,3010.0,2010.0,48511326.8
Germany,2011,276.0,529.6,3010.0,2011.0,48529945.4
Germany,2012,276.0,529.6,3010.0,2012.0,48579801.6
Germany,2013,276.0,529.6,3010.0,2013.0,48669660.4
Germany,2014,276.0,529.6,3010.0,2014.0,48848364.0
Germany,2015,276.0,529.6,3010.0,2015.0,49172578.2
Germany,2016,276.0,529.6,3010.0,2016.0,49486975.4
Germany,2017,276.0,529.6,3010.0,2017.0,49664447.6
Germany,2018,276.0,529.6,3010.0,2018.0,49806093.6
Germany,2019,276.0,529.6,3010.0,2019.0,49911402.2
Germany,2020,276.0,529.6,3010.0,2020.0,49959573.4
Germany,2021,276.0,529.6,3010.0,2021.0,49997006.8
Germany,2022,276.0,529.6,3010.0,2022.0,50152844.2
Germany,2023,276.0,529.6,3010.0,2023.0,50330638.8
India,2000,356.0,529.6,3010.0,2000.0,633779275.6
India,2001,356.0,529.6,3010.0,2001.0,645455000.8
India,2002,356.0,529.6,3010.0,2002.0,657001574.4
India,2003,356.0,529.6,3010.0,2003.0,668326772.0
India,2004,356.0,529.6,3010.0,2004.0,679623760.8
India,2005,356.0,529.6,3010.0,2005.0,690694263.6
India,2006,356.0,529.6,3010.0,2006.0,701547099.8
India,2007,356.0,529.6,3010.0,2007.0,712206656.0
India,2008,356.0,529.6,3010.0,2008.0,722601766.6
India,2009,356.0,529.6,3010.0,2009.0,733063927.4
India,2010,356.0,529.6,3010.0,2010.0,743588763.8
India,2011,356.0,529.6,3010.0,2011.0,753937187.6
India,2012,356.0,529.6,3010.0,2012.0,764082971.2
India,2013,356.0,529.6,3010.0,2013.0,774044245.6
India,2014,356.0,529.6,3010.0,2014.0,783682735.2
India,2015,356.0,529.6,3010.0,2015.0,793020595.0
India,2016,356.0,529.6,3010.0,2016.0,802411989.2
India,2017,356.0,529.6,3010.0,2017.0,811698985.4
India,2018,356.0,529.6,3010.0,2018.0,820673996.4
India,2019,356.0,529.6,3010.0,2019.0,829359627.4
India,2020,356.0,529.6,3010.0,2020.0,837686628.8
India,2021,356.0,529.6,3010.0,2021.0,845166160.2
India,2022,356.0,529.6,3010.0,2022.0,852452344.0
India,2023,356.0,529.6,3010.0,2023.0,860259534.6
Iran,2000,364.0,529.6,3010.0,2000.0,39793834.4
Iran,2001,364.0,529.6,3010.0,2001.0,40400084.8
Iran,2002,364.0,529.6,3010.0,2002.0,40801193.0
Iran,2003,364.0,529.6,3010.0,2003.0,41270278.4
Iran,2004,364.0,529.6,3010.0,2004.0,42025946.4
Iran,2005,364.0,529.6,3010.0,2005.0,42815744.2
Iran,2006,364.0,529.6,3010.0,2006.0,43602674.8
Iran,2007,364.0,529.6,3010.0,2007.0,44247279.6
Iran,2008,364.0,529.6,3010.0,2008.0,44774790.0
Iran,2009,364.0,529.6,3010.0,2009.0,45320642.8
Iran,2010,364.0,529.6,3010.0,2010.0,45881839.4
Iran,2011,364.0,529.6,3010.0,2011.0,46451755.6
Iran,2012,364.0,529.6,3010.0,2012.0,47038946.8
Iran,2013,364.0,529.6,3010.0,2013.0,47652951.0
Iran,2014,364.0,529.6,3010.0,2014.0,48283036.4
Iran,2015,364.0,529.6,3010.0,2015.0,48919842.2
Iran,2016,364.0,529.6,3010.0,2016.0,49580376.8
Iran,2017,364.0,529.6,3010.0,2017.0,50243259.2
Iran,2018,364.0,529.6,3010.0,2018.0,50849546.2
Iran,2019,364.0,529.6,3010.0,2019.0,51384812.4
Iran,2020,364.0,529.6,3010.0,2020.0,51806803.0
Iran,2021,364.0,529.6,3010.0,2021.0,52243802.8
Iran,2022,364.0,529.6,3010.0,2022.0,52806061.4
Iran,2023,364.0,529.6,3010.0,2023.0,53365256.4
Iraq,2000,368.0,529.6,3010.0,2000.0,14482705.0
Iraq,2001,368.0,529.6,3010.0,2001.0,14929465.8
Iraq,2002,368.0,529.6,3010.0,2002.0,15390483.6
Iraq,2003,368.0,529.6,3010.0,2003.0,15846588.8
Iraq,2004,368.0,529.6,3010.0,2004.0,16294473.2
Iraq,2005,368.0,529.6,3010.0,2005.0,16764664.4
Iraq,2006,368.0,529.6,3010.0,2006.0,16986188.2
Iraq,2007,368.0,529.6,3010.0,2007.0,17034729.4
Iraq,2008,368.0,529.6,3010.0,2008.0,17410697.6
Iraq,2009,368.0,529.6,3010.0,2009.0,18002212.6
Iraq,2010,368.0,529.6,3010.0,2010.0,18570686.6
Iraq,2011,368.0,529.6,3010.0,2011.0,19209980.0
Iraq,2012,368.0,529.6,3010.0,2012.0,20017251.0
Iraq,2013,368.0,529.6,3010.0,2013.0,20889424.6
Iraq,2014,368.0,529.6,3010.0,2014.0,21621239.6
Iraq,2015,368.0,529.6,3010.0,2015.0,22247343.8
Iraq,2016,368.0,529.6,3010.0,2016.0,22828365.2
Iraq,2017,368.0,529.6,3010.0,2017.0,23389864.8
Iraq,2018,368.0,529.6,3010.0,2018.0,23974200.2
Iraq,2019,368.0,529.6,3010.0,2019.0,24559328.2
Iraq,2020,368.0,529.6,3010.0,2020.0,25147218.8
Iraq,2021,368.0,529.6,3010.0,2021.0,25750926.2
Iraq,2022,368.0,529.6,3010.0,2022.0,26375461.2
Iraq,2023,368.0,529.6,3010.0,2023.0,27004700.8
Israel,2000,376.0,529.6,3010.0,2000.0,3647224.4
Israel,2001,376.0,529.6,3010.0,2001.0,3729898.8
Israel,2002,376.0,529.6,3010.0,2002.0,3802944.8
Israel,2003,376.0,529.6,3010.0,2003.0,3871031.8
Israel,2004,376.0,529.6,3010.0,2004.0,3939800.2
Israel,2005,376.0,529.6,3010.0,2005.0,4011876.4
Israel,2006,376.0,529.6,3010.0,2006.0,4088654.8
Israel,2007,376.0,529.6,3010.0,2007.0,4169519.0
Israel,2008,376.0,529.6,3010.0,2008.0,4252530.2
Israel,2009,376.0,529.6,3010.0,2009.0,4336017.4
Israel,2010,376.0,529.6,3010.0,2010.0,4419885.8
Israel,2011,376.0,529.6,3010.0,2011.0,4502163.8
Israel,2012,376.0,529.6,3010.0,2012.0,4582933.0
Israel,2013,376.0,529.6,3010.0,2013.0,4663972.4
Israel,2014,376.0,529.6,3010.0,2014.0,4747137.2
Israel,2015,376.0,529.6,3010.0,2015.0,4834072.8
Israel,2016,376.0,529.6,3010.0,2016.0,4922367.8
Israel,2017,376.0,529.6,3010.0,2017.0,5009032.6
Israel,2018,376.0,529.6,3010.0,2018.0,5094595.0
Israel,2019,376.0,529.6,3010.0,2019.0,5179773.0
Israel,2020,376.0,529.6,3010.0,2020.0,5262862.2
Israel,2021,376.0,529.6,3010.0,2021.0,5345517.0
Israel,2022,376.0,529.6,3010.0,2022.0,5435081.6
Israel,2023,376.0,529.6,3010.0,2023.0,5521702.2
Italy,2000,380.0,529.6,3010.0,2000.0,34367622.6
Italy,2001,380.0,529.6,3010.0,2001.0,34423577.6
Italy,2002,380.0,529.6,3010.0,2002.0,34528603.6
Italy,2003,380.0,529.6,3010.0,2003.0,34725287.0
Italy,2004,380.0,529.6,3010.0,2004.0,34969635.8
Italy,2005,380.0,529.6,3010.0,2005.0,35169574.0
Italy,2006,380.0,529.6,3010.0,2006.0,35317747.0
Italy,2007,380.0,529.6,3010.0,2007.0,35506190.2
Italy,2008,380.0,529.6,3010.0,2008.0,35725150.4
Italy,2009,380.0,529.6,3010.0,2009.0,35889974.8
Italy,2010,380.0,529.6,3010.0,2010.0,36011646.8
Italy,2011,380.0,529.6,3010.0,2011.0,36099137.8
Italy,2012,380.0,529.6,3010.0,2012.0,36159372.8
Italy,2013,380.0,529.6,3010.0,2013.0,36195147.2
Italy,2014,380.0,529.6,3010.0,2014.0,36182802.0
Italy,2015,380.0,529.6,3010.0,2015.0,36130968.8
Italy,2016,380.0,529.6,3010.0,2016.0,36077230.6
Italy,2017,380.0,529.6,3010.0,2017.0,36028107.2
Italy,2018,380.0,529.6,3010.0,2018.0,35969193.2
Italy,2019,380.0,529.6,3010.0,2019.0,35895359.4
Italy,2020,380.0,529.6,3010.0,2020.0,35791522.2
Italy,2021,380.0,529.6,3010.0,2021.0,35699318.6
Italy,2022,380.0,529.6,3010.0,2022.0,35635140.4
Italy,2023,380.0,529.6,3010.0,2023.0,35566388.6
Japan,2000,392.0,529.6,3010.0,2000.0,76317902.4
Japan,2001,392.0,529.6,3010.0,2001.0,76448761.8
Japan,2002,392.0,529.6,3010.0,2002.0,76574362.6
Japan,2003,392.0,529.6,3010.0,2003.0,76682059.2
Japan,2004,392.0,529.6,3010.0,2004.0,76769036.0
Japan,2005,392.0,529.6,3010.0,2005.0,76832485.8
Japan,2006,392.0,529.6,3010.0,2006.0,76885497.6
Japan,2007,392.0,529.6,3010.0,2007.0,76936123.0
Japan,2008,392.0,529.6,3010.0,2008.0,76972497.6
Japan,2009,392.0,529.6,3010.0,2009.0,76990319.6
Japan,2010,392.0,529.6,3010.0,2010.0,76984484.8
Japan,2011,392.0,529.6,3010.0,2011.0,76939652.6
Japan,2012,392.0,529.6,3010.0,2012.0,76856590.8
Japan,2013,392.0,529.6,3010.0,2013.0,76752042.2
Japan,2014,392.0,529.6,3010.0,2014.0,76627216.4
Japan,2015,392.0,529.6,3010.0,2015.0,76505340.4
Japan,2016,392.0,529.6,3010.0,2016.0,76413683.0
Japan,2017,392.0,529.6,3010.0,2017.0,76322766.0
Japan,2018,392.0,529.6,3010.0,2018.0,76202439.4
Japan,2019,392.0,529.6,3010.0,2019.0,76050718.4
Japan,2020,392.0,529.6,3010.0,2020.0,75820946.6
Japan,2021,392.0,529.6,3010.0,2021.0,75493630.4
Japan,2022,392.0,529.6,3010.0,2022.0,75138383.8
Japan,2023,392.0,529.6,3010.0,2023.0,74800098.8
Pakistan,2000,586.0,529.6,3010.0,2000.0,89656307.6
Pakistan,2001,586.0,529.6,3010.0,2001.0,92028650.0
Pakistan,2002,586.0,529.6,3010.0,2002.0,94219848.2
Pakistan,2003,586.0,529.6,3010.0,2003.0,96384779.6
Pakistan,2004,586.0,529.6,3010.0,2004.0,98670460.0
Pakistan,2005,586.0,529.6,3010.0,2005.0,100963218.4
Pakistan,2006,586.0,529.6,3010.0,2006.0,103291874.8
Pakistan,2007,586.0,529.6,3010.0,2007.0,105863887.2
Pakistan,2008,586.0,529.6,3010.0,2008.0,108528565.8
Pakistan,2009,586.0,529.6,3010.0,2009.0,111160529.6
Pakistan,2010,586.0,529.6,3010.0,2010.0,113807655.2
Pakistan,2011,586.0,529.6,3010.0,2011.0,116335279.0
Pakistan,2012,586.0,529.6,3010.0,2012.0,118649156.4
Pakistan,2013,586.0,529.6,3010.0,2013.0,120772110.4
Pakistan,2014,586.0,529.6,3010.0,2014.0,122815110.2
Pakistan,2015,586.0,529.6,3010.0,2015.0,124792455.8
Pakistan,2016,586.0,529.6,3010.0,2016.0,126696242.8
Pakistan,2017,586.0,529.6,3010.0,2017.0,128712777.8
Pakistan,2018,586.0,529.6,3010.0,2018.0,130934320.6
Pakistan,2019,586.0,529.6,3010.0,2019.0,133239647.8
Pakistan,2020,586.0,529.6,3010.0,2020.0,135673165.2
Pakistan,2021,586.0,529.6,3010.0,2021.0,138212519.2
Pakistan,2022,586.0,529.6,3010.0,2022.0,140645097.8
Pakistan,2023,586.0,529.6,3010.0,2023.0,142903661.4
Portugal,2000,620.0,529.6,3010.0,2000.0,6184305.2
Portugal,2001,620.0,529.6,3010.0,2001.0,6221592.2
Portugal,2002,620.0,529.6,3010.0,2002.0,6253951.4
Portugal,2003,620.0,529.6,3010.0,2003.0,6279120.6
Portugal,2004,620.0,529.6,3010.0,2004.0,6298206.0
Portugal,2005,620.0,529.6,3010.0,2005.0,6314342.2
Portugal,2006,620.0,529.6,3010.0,2006.0,6329638.2
Portugal,2007,620.0,529.6,3010.0,2007.0,6344753.8
Portugal,2008,620.0,529.6,3010.0,2008.0,6356052.2
Portugal,2009,620.0,529.6,3010.0,2009.0,6362630.0
Portugal,2010,620.0,529.6,3010.0,2010.0,6361928.2
Portugal,2011,620.0,529.6,3010.0,2011.0,6347887.0
Portugal,2012,620.0,529.6,3010.0,2012.0,6321624.2
Portugal,2013,620.0,529.6,3010.0,2013.0,6288853.8
Portugal,2014,620.0,529.6,3010.0,2014.0,6256713.2
Portugal,2015,620.0,529.6,3010.0,2015.0,6231801.4
Portugal,2016,620.0,529.6,3010.0,2016.0,6212874.2
Portugal,2017,620.0,529.6,3010.0,2017.0,6198238.8
Portugal,2018,620.0,529.6,3010.0,2018.0,6188380.4
Portugal,2019,620.0,529.6,3010.0,2019.0,6188218.6
Portugal,2020,620.0,529.6,3010.0,2020.0,6191890.0
Portugal,2021,620.0,529.6,3010.0,2021.0,6192910.2
Portugal,2022,620.0,529.6,3010.0,2022.0,6196453.0
Portugal,2023,620.0,529.6,3010.0,2023.0,6195188.2
Russia,2000,643.0,529.6,3010.0,2000.0,87966415.8
Russia,2001,643.0,529.6,3010.0,2001.0,87609886.4
Russia,2002,643.0,529.6,3010.0,2002.0,87414776.4
Russia,2003,643.0,529.6,3010.0,2003.0,87234630.8
Russia,2004,643.0,529.6,3010.0,2004.0,86880960.2
Russia,2005,643.0,529.6,3010.0,2005.0,86562790.6
Russia,2006,643.0,529.6,3010.0,2006.0,86305765.8
Russia,2007,643.0,529.6,3010.0,2007.0,86173934.0
Russia,2008,643.0,529.6,3010.0,2008.0,86141373.6
Russia,2009,643.0,529.6,3010.0,2009.0,86166205.8
Russia,2010,643.0,529.6,3010.0,2010.0,86204559.8
Russia,2011,643.0,529.6,3010.0,2011.0,86270296.8
Russia,2012,643.0,529.6,3010.0,2012.0,86400530.8
Russia,2013,643.0,529.6,3010.0,2013.0,86561085.0
Russia,2014,643.0,529.6,3010.0,2014.0,86722530.6
Russia,2015,643.0,529.6,3010.0,2015.0,86900647.2
Russia,2016,643.0,529.6,3010.0,2016.0,87104373.4
Russia,2017,643.0,529.6,3010.0,2017.0,87272670.4
Russia,2018,643.0,529.6,3010.0,2018.0,87365000.0
Russia,2019,643.0,529.6,3010.0,2019.0,87392336.8
Russia,2020,643.0,529.6,3010.0,2020.0,87305887.8
Russia,2021,643.0,529.6,3010.0,2021.0,87061831.6
Russia,2022,643.0,529.6,3010.0,2022.0,86920333.2
Russia,2023,643.0,529.6,3010.0,2023.0,86816908.8
Saudi Arabia,2000,682.0,529.6,3010.0,2000.0,10623951.2
Saudi Arabia,2001,682.0,529.6,3010.0,2001.0,11077277.0
Saudi Arabia,2002,682.0,529.6,3010.0,2002.0,11545625.6
Saudi Arabia,2003,682.0,529.6,3010.0,2003.0,12025991.8
Saudi Arabia,2004,682.0,529.6,3010.0,2004.0,12513570.0
Saudi Arabia,2005,682.0,529.6,3010.0,2005.0,13005086.8
Saudi Arabia,2006,682.0,529.6,3010.0,2006.0,13499317.8
Saudi Arabia,2007,682.0,529.6,3010.0,2007.0,13997838.6
Saudi Arabia,2008,682.0,529.6,3010.0,2008.0,14503305.0
Saudi Arabia,2009,682.0,529.6,3010.0,2009.0,15019359.8
Saudi Arabia,2010,682.0,529.6,3010.0,2010.0,15547986.4
Saudi Arabia,2011,682.0,529.6,3010.0,2011.0,16089862.0
Saudi Arabia,2012,682.0,529.6,3010.0,2012.0,16642248.6
Saudi Arabia,2013,682.0,529.6,3010.0,2013.0,17199625.4
Saudi Arabia,2014,682.0,529.6,3010.0,2014.0,17754595.8
Saudi Arabia,2015,682.0,529.6,3010.0,2015.0,18301404.0
Saudi Arabia,2016,682.0,529.6,3010.0,2016.0,18742260.8
Saudi Arabia,2017,682.0,529.6,3010.0,2017.0,18900603.4
Saudi Arabia,2018,682.0,529.6,3010.0,2018.0,18856916.8
Saudi Arabia,2019,682.0,529.6,3010.0,2019.0,19017257.2
Saudi Arabia,2020,682.0,529.6,3010.0,2020.0,19338410.8
Saudi Arabia,2021,682.0,529.6,3010.0,2021.0,19583888.4
Saudi Arabia,2022,682.0,529.6,3010.0,2022.0,20029346.6
Saudi Arabia,2023,682.0,529.6,3010.0,2023.0,20567941.6
Spain,2000,724.0,529.6,3010.0,2000.0,24588651.8
Spain,2001,724.0,529.6,3010.0,2001.0,24776660.2
Spain,2002,724.0,529.6,3010.0,2002.0,25099385.6
Spain,2003,724.0,529.6,3010.0,2003.0,25533298.6
Spain,2004,724.0,529.6,3010.0,2004.0,25964160.0
Spain,2005,724.0,529.6,3010.0,2005.0,26392080.2
Spain,2006,724.0,529.6,3010.0,2006.0,26823285.6
Spain,2007,724.0,529.6,3010.0,2007.0,27285374.4
Spain,2008,724.0,529.6,3010.0,2008.0,27693582.8
Spain,2009,724.0,529.6,3010.0,2009.0,27949286.4
Spain,2010,724.0,529.6,3010.0,2010.0,28093914.4
Spain,2011,724.0,529.6,3010.0,2011.0,28181044.8
Spain,2012,724.0,529.6,3010.0,2012.0,28178809.6
Spain,2013,724.0,529.6,3010.0,2013.0,28083666.0
Spain,2014,724.0,529.6,3010.0,2014.0,27992440.6
Spain,2015,724.0,529.6,3010.0,2015.0,27953007.2
Spain,2016,724.0,529.6,3010.0,2016.0,27962623.6
Spain,2017,724.0,529.6,3010.0,2017.0,28018302.4
Spain,2018,724.0,529.6,3010.0,2018.0,28116618.8
Spain,2019,724.0,529.6,3010.0,2019.0,28262257.2
Spain,2020,724.0,529.6,3010.0,2020.0,28363639.4
Spain,2021,724.0,529.6,3010.0,2021.0,28384180.2
Spain,2022,724.0,529.6,3010.0,2022.0,28416143.8
Spain,2023,724.0,529.6,3010.0,2023.0,28442008.8
Sri Lanka,2000,144.0,529.6,3010.0,2000.0,11473609.2
Sri Lanka,2001,144.0,529.6,3010.0,2001.0,11622755.6
Sri Lanka,2002,144.0,529.6,3010.0,2002.0,11734160.8
Sri Lanka,2003,144.0,529.6,3010.0,2003.0,11823670.0
Sri Lanka,2004,144.0,529.6,3010.0,2004.0,11909549.8
Sri Lanka,2005,144.0,529.6,3010.0,2005.0,11991521.2
Sri Lanka,2006,144.0,529.6,3010.0,2006.0,12074994.6
Sri Lanka,2007,144.0,529.6,3010.0,2007.0,12159175.8
Sri Lanka,2008,144.0,529.6,3010.0,2008.0,12240917.6
Sri Lanka,2009,144.0,529.6,3010.0,2009.0,12317591.4
Sri Lanka,2010,144.0,529.6,3010.0,2010.0,12391306.2
Sri Lanka,2011,144.0,529.6,3010.0,2011.0,12466622.6
Sri Lanka,2012,144.0,529.6,3010.0,2012.0,12552694.0
Sri Lanka,2013,144.0,529.6,3010.0,2013.0,12648977.6
Sri Lanka,2014,144.0,529.6,3010.0,2014.0,12743695.2
Sri Lanka,2015,144.0,529.6,3010.0,2015.0,12834796.6
Sri Lanka,2016,144.0,529.6,3010.0,2016.0,12924007.2
Sri Lanka,2017,144.0,529.6,3010.0,2017.0,13010392.2
Sri Lanka,2018,144.0,529.6,3010.0,2018.0,13091255.2
Sri Lanka,2019,144.0,529.6,3010.0,2019.0,13167992.4
Sri Lanka,2020,144.0,529.6,3010.0,2020.0,13241531.0
Sri Lanka,2021,144.0,529.6,3010.0,2021.0,13309348.6
Sri Lanka,2022,144.0,529.6,3010.0,2022.0,13374886.2
Sri Lanka,2023,144.0,529.6,3010.0,2023.0,13440393.2
Sweden,2000,752.0,529.6,3010.0,2000.0,5325168.4
Sweden,2001,752.0,529.6,3010.0,2001.0,5337967.4
Sweden,2002,752.0,529.6,3010.0,2002.0,5354157.4
Sweden,2003,752.0,529.6,3010.0,2003.0,5373656.6
Sweden,2004,752.0,529.6,3010.0,2004.0,5395651.0
Sweden,2005,752.0,529.6,3010.0,2005.0,5419632.8
Sweden,2006,752.0,529.6,3010.0,2006.0,5451501.8
Sweden,2007,752.0,529.6,3010.0,2007.0,5491958.4
Sweden,2008,752.0,529.6,3010.0,2008.0,5535338.0
Sweden,2009,752.0,529.6,3010.0,2009.0,5582191.6
Sweden,2010,752.0,529.6,3010.0,2010.0,5629326.4
Sweden,2011,752.0,529.6,3010.0,2011.0,5672882.0
Sweden,2012,752.0,529.6,3010.0,2012.0,5715976.2
Sweden,2013,752.0,529.6,3010.0,2013.0,5763297.4
Sweden,2014,752.0,529.6,3010.0,2014.0,5816448.4
Sweden,2015,752.0,529.6,3010.0,2015.0,5872505.6
Sweden,2016,752.0,529.6,3010.0,2016.0,5936818.6
Sweden,2017,752.0,529.6,3010.0,2017.0,6005284.8
Sweden,2018,752.0,529.6,3010.0,2018.0,6066703.8
Sweden,2019,752.0,529.6,3010.0,2019.0,6122277.0
Sweden,2020,752.0,529.6,3010.0,2020.0,6165811.8
Sweden,2021,752.0,529.6,3010.0,2021.0,6204076.2
Sweden,2022,752.0,529.6,3010.0,2022.0,6245419.6
Sweden,2023,752.0,529.6,3010.0,2023.0,6283562.6
UK,2000,826.0,529.6,3010.0,2000.0,35413104.8
UK,2001,826.0,529.6,3010.0,2001.0,35545104.6
UK,2002,826.0,529.6,3010.0,2002.0,35686095.8
UK,2003,826.0,529.6,3010.0,2003.0,35844198.4
UK,2004,826.0,529.6,3010.0,2004.0,36044812.4
UK,2005,826.0,529.6,3010.0,2005.0,36295794.0
UK,2006,826.0,529.6,3010.0,2006.0,36580998.0
UK,2007,826.0,529.6,3010.0,2007.0,36897274.0
UK,2008,826.0,529.6,3010.0,2008.0,37226166.8
UK,2009,826.0,529.6,3010.0,2009.0,37547011.8
UK,2010,826.0,529.6,3010.0,2010.0,37863961.8
UK,2011,826.0,529.6,3010.0,2011.0,38166090.8
UK,2012,826.0,529.6,3010.0,2012.0,38434259.6
UK,2013,826.0,529.6,3010.0,2013.0,38683977.2
UK,2014,826.0,529.6,3010.0,2014.0,38949503.6
UK,2015,826.0,529.6,3010.0,2015.0,39232260.0
UK,2016,826.0,529.6,3010.0,2016.0,39515058.0
UK,2017,826.0,529.6,3010.0,2017.0,39778105.4
UK,2018,826.0,529.6,3010.0,2018.0,40015690.8
UK,2019,826.0,529.6,3010.0,2019.0,40236186.4
UK,2020,826.0,529.6,3010.0,2020.0,40407586.0
UK,2021,826.0,529.6,3010.0,2021.0,40607413.4
UK,2022,826.0,529.6,3010.0,2022.0,40883082.4
UK,2023,826.0,529.6,3010.0,2023.0,41154274.8
USA,2000,840.0,529.6,3010.0,2000.0,168990208.0
USA,2001,840.0,529.6,3010.0,2001.0,170682333.8
USA,2002,840.0,529.6,3010.0,2002.0,172335104.4
USA,2003,840.0,529.6,3010.0,2003.0,173968764.8
USA,2004,840.0,529.6,3010.0,2004.0,175622366.2
USA,2005,840.0,529.6,3010.0,2005.0,177312565.6
USA,2006,840.0,529.6,3010.0,2006.0,179057555.0
USA,2007,840.0,529.6,3010.0,2007.0,180856725.2
USA,2008,840.0,529.6,3010.0,2008.0,182662946.6
USA,2009,840.0,529.6,3010.0,2009.0,184424654.0
USA,2010,840.0,529.6,3010.0,2010.0,186153394.2
USA,2011,840.0,529.6,3010.0,2011.0,187852305.8
USA,2012,840.0,529.6,3010.0,2012.0,189513226.4
USA,2013,840.0,529.6,3010.0,2013.0,191151638.8
USA,2014,840.0,529.6,3010.0,2014.0,192789906.8
USA,2015,840.0,529.6,3010.0,2015.0,194436431.0
USA,2016,840.0,529.6,3010.0,2016.0,196107691.8
USA,2017,840.0,529.6,3010.0,2017.0,197773756.4
USA,2018,840.0,529.6,3010.0,2018.0,199375948.6
USA,2019,840.0,529.6,3010.0,2019.0,200934648.6
USA,2020,840.0,529.6,3010.0,2020.0,202060770.2
USA,2021,840.0,529.6,3010.0,2021.0,202821215.6
USA,2022,840.0,529.6,3010.0,2022.0,203843560.2
USA,2023,840.0,529.6,3010.0,2023.0,205095676.6
